first_name,last_name,price
William,Dixon,true
Kristen,Horn,true
Kimberly,Chang,true
Mary,Ball,true
Benjamin,Craig,true
Cathy,Werner,
Brandon,Bell,
Paul,Farley,
Sarah,Mcdaniel,true
Caroline,Anderson,
Carl,Jones,true
Scott,Lee,true
Kaylee,Coleman,
Charles,Parker,true
Susan,Hess,
Kiara,Collier,true
Scott,Martinez,true
Christopher,Ortega,
Michael,Russell,true
Dwayne,Johnson,true
Patty,Smith,true
Deanna,Sherman,
Douglas,Francis,true
Vicki,Diaz,
Robin,Phillips,true
Travis,Rice,true
Ashley,Rocha,
Sarah,Jacobson,
Kayla,Shannon,
Sean,Wang,true
Richard,Estrada,
Joseph,Torres,true
Kim,Jones,
Melissa,Tanner,true
Jackson,Cline,
Sonya,Foster,true
Allen,Williams,
Thomas,Rivera,
Jamie,Silva,true
Kathleen,Moore,
Evelyn,Pineda,true
Kyle,Peters,true
Anthony,Cruz,
Eric,Flores,true
Anna,Richardson,true
Gary,Harper,
Linda,Johnson,true
Melissa,Smith,
Kristen,Floyd,true
William,Diaz,true
Benjamin,Smith,true
David,Glenn,true
Dawn,Jones,true
Joel,Smith,
Larry,Grimes,true
Joseph,Arnold,true
Kyle,Long,true
Brittany,Day,true
Bobby,Ward,
Thomas,Lee,true
Jennifer,Hansen,true
Lisa,Murray,true
Meghan,Wade,true
Tammie,Brooks,
Maria,Bell,true
Allison,Livingston,true
Chris,Hays,
Courtney,Mitchell,
Shawn,White,true
Taylor,Gomez,true
Jeremy,Rodriguez,true
April,Garcia,
Zachary,Watts,
Sarah,Montoya,true
Jennifer,Barker,
Sharon,Garza,
Tiffany,Stevens,true
Ruben,Armstrong,
Jeffrey,Spencer,true
Nicole,Ramsey,true
Anne,Roy,true
Lori,Sanchez,true
Allison,Chavez,true
Marcus,Adams,
Mary,Smith,
Joseph,Reed,true
Jason,Armstrong,
Jeff,Armstrong,
Sean,Shields,true
Jessica,Allison,true
Christian,Grant,
Edward,Watson,true
Derrick,Cooke,true
Arthur,Hall,true
Sean,Patrick,true
Heather,Collins,true
Megan,Gomez,true
William,Hale,true
Olivia,Thompson,
Lori,Torres,
Vickie,Hernandez,true
Kimberly,Brown,
Sherry,Meza,true
Phillip,Hansen,
Jeanette,Knight,
Kayla,Hanson,
James,Johnston,true
John,Porter,
Elizabeth,Reyes,
Kristen,Henry,
Claudia,Anderson,true
Nicholas,Webb,
Allison,Cooper,true
Zachary,Barnes,true
Gregory,Hill,true
Terry,Ayers,
Jessica,Wilson,true
Daniel,Frazier,true
Brian,Welch,true
Carol,Chavez,true
Ethan,Mcdonald,true
Gerald,Martinez,
Eric,King,
Sylvia,Walters,true
Jonathan,Lane,
Matthew,Turner,true
Jeffrey,Bauer,
Jessica,Shaffer,
Chris,Spencer,true
Mary,Clarke,true
Timothy,Mendoza,true
Alicia,Hoffman,true
Joseph,Gardner,true
Rachael,Rangel,true
Jeffrey,Harrington,true
Sophia,Randolph,true
Debbie,Freeman,true
Matthew,Braun,true
Sheri,Hudson,true
Mary,King,true
Beth,Davis,true
Margaret,Castillo,true
Tommy,Sandoval,true
Christopher,Hines,
Richard,Wright,true
Michael,Brown,true
Nathan,Yu,true
Cameron,Ford,true
Carla,Hayes,true
Marissa,Matthews,true
Samuel,Thompson,true
Gary,Figueroa,true
Michael,West,true
Martin,Walton,true
Zachary,Lee,
Christopher,Stephenson,
Eric,Ortiz,true
Kara,Pittman,
Andrew,Cowan,true
Rhonda,Moss,true
Sarah,Williams,
Carolyn,Collins,true
Larry,Mooney,true
Laura,Livingston,true
Candace,Mckenzie,
Candace,Wallace,true
Jason,White,true
Patricia,Reynolds,
Michael,Ellison,true
Melissa,Robles,true
Heidi,Fry,true
James,Smith,true
Charles,Ruiz,
Stephanie,Green,
Stacey,Garcia,true
Glenda,Burke,true
Zachary,Alvarez,true
Rachel,Shaw,
Carmen,Beard,true
Tony,Daniels,true
Randy,Mora,
George,Aguirre,true
James,Miller,true
Jacqueline,Williams,
April,Taylor,true
Robert,Johnson,true
Gary,White,true
Kim,Lowe,true
Samantha,Jones,true
Randy,Lozano,
Arthur,Chavez,
Melissa,Miller,true
Leslie,Mccormick,true
Carlos,Rubio,
David,York,
Gabriella,Anthony,
Olivia,Poole,true
Wayne,Wilson,
Elizabeth,Moore,true
Janice,Campbell,
Julie,Johnson,
Misty,Cantrell,true
Robert,Soto,true
Brenda,Cowan,
Kelly,Guerrero,true
David,Nichols,
Kayla,Taylor,true
Antonio,Garcia,true
Tyler,Cisneros,true
Jillian,Crawford,true
Karl,Pierce,true
Joann,Taylor,true
Jennifer,Jenkins,
Nancy,Brown,
Emma,Munoz,true
Shawn,Galloway,true
Melissa,Mcguire,true
Bryan,Chavez,true
Fernando,Salazar,true
Megan,Moore,true
Robert,Williams,true
Dennis,Sanford,
Kimberly,Herrera,true
Gloria,Potts,true
Suzanne,Barnett,
Leah,Myers,
Kylie,Thomas,
Amanda,Murphy,
Christopher,Matthews,true
Nicole,Parks,
Bobby,Martin,true
Kevin,Chambers,true
Kimberly,Lawson,true
Rachel,Lopez,true
Christopher,Clay,true
Daniel,Martin,
William,Taylor,
Steven,Johnson,true
Daniel,Miller,
Taylor,Bryant,true
Lauren,Jones,true
Lindsey,Robertson,
Allison,Thomas,true
Vernon,Bishop,true
Susan,Parsons,true
Brady,Snyder,true
Brent,Mcgrath,true
Peter,Smith,true
Deborah,Fox,true
Heather,Collins,true
Phillip,Meyers,true
Nicholas,Hubbard,true
Misty,Ramirez,
Scott,Johnson,
Jay,Nixon,true
Tony,Hall,
Taylor,Smith,
Mark,Reynolds,
Marilyn,Christensen,true
Denise,Atkins,true
Melissa,Gonzales,true
Henry,Hoffman,true
Daisy,Davenport,
Christopher,Paul,true
Kevin,Craig,true
Natalie,Coleman,true
Jeremy,Strickland,true
Gary,Bonilla,true
Amanda,Richards,true
Heidi,Perez,true
Robert,Johnson,true
Gary,Mills,true
Chelsea,Caldwell,
John,Frye,true
Michael,Strong,true
Christopher,Delgado,
Whitney,Wallace,true
Rebecca,Martinez,
Marissa,Mccoy,true
Ricky,Kerr,
Anna,Campbell,true
Marie,Walters,
Robert,Martin,
Marc,Davis,true
James,Dixon,true
Vicki,Ramirez,true
Krista,Campbell,true
Lauren,Patterson,true
Megan,Clark,true
Judy,Zimmerman,true
Joseph,Williams,true
Lori,Acevedo,true
William,Taylor,true
Dawn,Snyder,true
Jennifer,Simmons,
Alyssa,Nunez,true
Robert,Black,
Julia,Young,true
Melinda,Barnes,true
Brett,Armstrong,true
Erik,Stevenson,true
Daniel,George,
Lindsey,Jones,true
Virginia,Lopez,true
Andrew,Brown,
Donna,Lowery,true
Alexis,Andrade,
Alyssa,Pierce,
Tara,Johnson,
Michael,Brady,true
James,Rhodes,
Pamela,Scott,
Martin,Ward,true
Kristina,Hernandez,true
Robert,Bush,
Rebecca,Larson,true
Brittany,Watson,true
Ryan,Ramirez,true
Edward,Burns,
John,Prince,
Ashley,Boyer,true
James,Dean,
Natalie,Gordon,true
Ryan,Smith,true
Stephen,Thompson,
William,Delgado,
Brian,Johnson,true
James,Patel,true
Allen,Rogers,true
Aimee,Reyes,true
Susan,Williams,true
Edward,Griffin,true
Debra,Baker,true
Yvette,Kramer,true
Alyssa,Williams,true
John,Cunningham,true
Dana,Gilbert,
Stephen,Henry,true
Bradley,James,true
Melinda,Peters,
Robert,Goodman,true
Leslie,Moore,true
Sarah,Gray,true
Amy,Haynes,true
Gary,Dean,true
Jonathan,Duran,true
Elizabeth,Ruiz,true
Caitlin,Lewis,true
Micheal,Blackburn,
Sheryl,Mccarthy,true
Lisa,Smith,true
Jared,Juarez,true
Brett,Castro,true
Jessica,Murray,true
Austin,Coffey,
Shelly,Jacobs,
Elizabeth,Logan,true
Cody,Anderson,true
Kayla,Wood,true
Paul,Singh,true
James,Mays,true
Thomas,Moore,true
Linda,Pacheco,true
Jenny,Clark,
Patrick,Guzman,true
Scott,Peters,true
John,Stevenson,
Kristina,Brooks,true
Nancy,Aguilar,
Robert,Brown,true
Jessica,Williams,true
David,Brown,true
Dorothy,Munoz,true
Jason,Lawson,
James,Hall,true
Patricia,Carpenter,
Jeff,Cardenas,
Michelle,Johnson,
Frank,Madden,
George,Tanner,true
Dylan,Johnson,
Pamela,King,true
Jesse,Frazier,
Edward,Russell,true
Diana,Mcdonald,true
Randy,Dawson,true
Jasmine,Williams,true
Robert,Smith,true
Sara,Young,true
Samantha,Gonzalez,true
Christina,Torres,true
Maria,Bailey,true
Charles,Bartlett,
Natalie,Parker,true
Paula,Hernandez,
Jessica,Jenkins,
Drew,Henson,true
Michael,Davis,
Ian,Ramos,
Anna,Wright,true
Ashley,Anderson,
Jennifer,Wright,true
Nicole,Lopez,
Tara,Ellis,
Hannah,Elliott,
Gavin,Rodriguez,true
Johnny,Jackson,true
Martin,Garrett,true
Terri,Hayes,true
Adam,Huang,true
Carolyn,Garner,true
Lisa,Lee,true
Rodney,Escobar,
Michael,Johnson,true
Michelle,Carter,
John,Dunn,
Terry,Pierce,true
David,Buck,true
Jennifer,Newman,true
Cynthia,Lee,true
Sylvia,Clark,true
Joseph,Taylor,
Kathleen,Barton,
Michael,Harris,
Eric,Benson,true
Curtis,Butler,
Brittany,Le,
Jeremiah,Sims,true
David,Davis,true
Tiffany,Bond,true
Patricia,Chen,
William,Crawford,true
Christina,Roberts,
Jerome,Scott,true
Jeffery,Walker,true
Todd,Alvarez,true
John,Henry,true
James,Miles,true
Michael,Downs,
Kayla,Wheeler,
Charles,Martin,true
Harold,Bennett,true
Michael,Swanson,true
Janet,Mcdonald,
Brett,Willis,true
Jacob,Smith,
Alexa,Webb,true
Louis,Klein,
Tony,Yu,
Lisa,Goodman,true
Kimberly,Hernandez,
Phillip,Friedman,true
Brian,Lam,
Kristin,Wilkins,true
Joshua,Lynch,true
Blake,Mclaughlin,true
Billy,Olsen,
Shawn,Brock,true
Danielle,Jones,true
Jim,Gomez,
Sabrina,Henderson,true
David,Pennington,true
Deborah,Williams,true
Stephanie,Bowman,true
Joseph,Frazier,true
Ryan,Mclaughlin,true
Tony,Hall,true
Timothy,Martin,true
John,Obrien,true
Barbara,Johnson,
Brandon,Marshall,true
Carrie,Miller,
Samantha,Dean,true
Jamie,Wilson,
Carlos,Acosta,true
Amy,Bennett,true
Dominique,Wells,true
Sarah,Bright,true
Michael,Barton,true
Rebecca,Anderson,true
Megan,Riggs,
Whitney,Andrews,
Catherine,Jones,true
William,Andrews,true
Kathleen,Edwards,true
Roger,Frost,true
Justin,Johnson,true
Valerie,Young,true
Samantha,Perez,true
Devin,Allen,
Stephanie,Little,true
Melanie,Miller,
Erica,Beck,
Toni,Dunn,true
Eric,Dunn,true
David,Jackson,true
Melanie,Gates,
Heather,Pierce,
Jordan,Lewis,true
Michele,Johnson,true
Samantha,Ryan,true
Christopher,Hudson,true
Zachary,Williams,true
Donna,Davis,
Jordan,Erickson,true
Christopher,Nolan,
Evelyn,Hanna,
Jason,Johnson,true
Barbara,Caldwell,true
Ronald,Huff,
Holly,Norris,true
Derrick,Carter,
Kenneth,Golden,true
Grace,Edwards,
Jonathan,Rios,
Mackenzie,Miller,true
Tammy,Taylor,true
Reginald,King,true
Matthew,Fletcher,true
Elizabeth,Jordan,true
Sally,Santiago,
James,Johnson,
Jason,Saunders,true
Carol,Hernandez,
Kendra,Dawson,true
James,Hess,
Michael,Stokes,
Jeffrey,Martinez,true
Joseph,Bell,true
Pamela,Black,true
Robert,Jordan,true
Kathy,Baker,true
Brian,Bailey,true
Mitchell,Clark,true
Kelly,Mcintyre,true
Susan,Ali,true
Latoya,Gonzales,true
Olivia,Mayo,true
Thomas,Anderson,true
Todd,Jennings,true
Paul,Dixon,
Julie,Torres,true
James,Miller,true
John,Howard,
Anne,Savage,true
Richard,Wilson,true
Amber,Esparza,true
Todd,Armstrong,
Aaron,Richardson,true
Gregory,Pollard,true
Jon,Butler,true
Chelsea,Madden,true
Misty,Ramos,true
Ryan,Murphy,true
Brittany,Sandoval,true
Rose,Stanton,true
Kristen,Banks,true
Julia,Stokes,true
Paul,Phillips,true
Amber,Thompson,true
Valerie,Norton,true
Adam,Parker,true
Jennifer,Gonzales,true
Jacqueline,Hernandez,true
Cory,Walker,true
Jennifer,Miller,true
Dawn,Bond,true
Tara,Daniel,true
Rebecca,Thompson,true
Victor,Serrano,true
Elizabeth,Bell,
Julie,Coleman,true
Jennifer,Brown,
Jessica,Moore,true
John,Ramirez,true
Becky,Hall,true
Christine,Smith,true
Christopher,Osborne,true
Jacob,Hernandez,
Jennifer,Rogers,true
Tammy,Young,
James,Lewis,
Charles,Stanley,
Christina,Garcia,
Heather,Davis,
Ashley,Fuentes,true
Jorge,Brown,
Sierra,Park,true
Todd,Miller,true
Jeffrey,Sanchez,
Crystal,Luna,
Devin,Flores,
Bianca,Martin,true
Danielle,Snyder,
Edward,Carney,true
Joseph,Grimes,true
April,Fowler,true
Michelle,Mccoy,true
Alicia,Stone,
Micheal,Lloyd,true
Richard,Ortiz,true
Jasmine,Reyes,
Tony,Smith,true
Mary,Melton,true
William,Griffin,true
Scott,Vargas,
Adam,Guerra,
Christina,Vang,true
Nicole,Williams,true
Erica,Powers,true
Angela,Garcia,true
Melissa,Brown,true
John,Santiago,
Donald,Nelson,
Misty,Bell,true
Vanessa,Barnes,
Brian,Austin,true
Jeffrey,King,true
Levi,Vaughn,true
Melanie,Blake,true
Marvin,Franklin,true
Angela,Massey,true
Lisa,Cole,true
George,Stark,true
Jeffrey,Salas,true
Richard,Reeves,
Heather,Maldonado,true
Shelly,Mcdaniel,true
David,Ryan,
Tyler,Trevino,
Christina,Jackson,true
Jodi,Peterson,
Melissa,Carney,
David,Cole,true
Ricardo,Weber,true
Jessica,Mckenzie,true
James,Ramirez,
Jeffrey,Wise,
Brandy,Fisher,true
Renee,Barrera,true
Melanie,Wiggins,
Alexander,Mckee,true
Sheryl,Hill,
Sandra,White,true
Christopher,Thompson,
Daniel,Smith,true
Theresa,Johnson,
Kristopher,Cunningham,true
Nathan,Morgan,true
David,Murray,true
April,Taylor,
Daniel,Herrera,true
John,Mcpherson,true
Scott,Simmons,
Gary,Tran,
Erica,Vaughn,true
Jennifer,Peterson,true
April,Mccormick,true
Justin,Davis,
Julia,Hall,true
Anna,Cunningham,true
Jacob,Stevens,true
Jerry,Payne,true
Mark,Collins,true
Benjamin,Clark,
Lisa,Norton,
Christopher,Smith,
Mary,Myers,
Stephanie,Skinner,
Dave,Kelly,true
Patricia,Gallagher,true
Shaun,Holloway,
Marc,Love,true
Michael,Mayer,
Mason,Rodriguez,true
Jason,Payne,
Johnny,Hicks,
Lisa,Rodgers,
Sarah,Tyler,
Brian,Rodriguez,
Charlene,Jones,true
Scott,Lawrence,true
Carol,Patrick,true
Jessica,Gibson,
Linda,Sullivan,
Donna,Carrillo,true
Scott,Baker,true
Brian,Jensen,true
James,Sosa,
Veronica,Zavala,
Jenny,Fields,true
George,Monroe,true
Michael,Smith,true
Kevin,Oliver,true
Nicholas,Mejia,
Phillip,Logan,true
Jamie,Jackson,true
Thomas,Alvarez,
Kaitlin,Lawson,true
Carlos,Wagner,true
Christopher,Anderson,
Roberto,Sparks,true
Julie,Oneal,true
Megan,Friedman,true
Cheryl,Taylor,
Jeffrey,Hatfield,true
James,Phillips,
Jessica,Moore,true
Eric,Richards,
Rebecca,Mitchell,true
Anna,Patrick,true
Eric,Schmidt,true
Mark,Campbell,true
Taylor,Oconnell,true
Debra,Peters,
Richard,Anderson,
William,Russell,true
Ryan,Mcdaniel,true
Jacqueline,Frazier,true
Steven,Stuart,
Emily,Rodriguez,
Ryan,Perez,
Lauren,Hahn,true
Megan,Lopez,true
Matthew,Lucero,true
Joseph,Perez,
Kimberly,Wright,true
Donald,Braun,
Savannah,Reese,true
Leslie,Wiggins,
Deanna,Gonzalez,
Derrick,Brown,
Meghan,Davis,true
Faith,Edwards,true
Stephanie,Morgan,true
Laura,Vargas,
Caleb,Singh,
Cassandra,Andrade,true
Robert,Hall,true
Kenneth,Hill,
David,Brown,true
Sarah,Lewis,true
Stephen,Meyers,true
Victor,Becker,
Brad,Huff,true
Thomas,Sanchez,
Michael,Chapman,true
Stephen,Lam,
Theresa,Wells,
Richard,Barrera,
Kelly,Boyle,true
Alexander,Richardson,
James,Hicks,true
Todd,Simon,
Jason,Meyer,true
Matthew,Moore,true
Lindsay,Rivera,true
Michael,Peterson,true
Jennifer,Martin,true
Martin,Solomon,true
Rebecca,Quinn,
Kerry,Branch,
Leslie,Ruiz,true
Joseph,Howard,
Rebecca,Wright,true
Jacqueline,Phillips,true
Wesley,Erickson,true
Janet,West,true
James,Barnett,true
Eric,Scott,true
James,Jones,true
Joshua,Baker,
Kathleen,Baker,true
Michael,Clark,true
Anne,Richards,true
Renee,Williams,true
Derek,Thomas,true
Robert,White,
Teresa,Figueroa,true
Ashley,Murphy,true
Laura,Peterson,true
Brian,Cardenas,
Dana,Conrad,
Kathleen,Deleon,true
Ebony,Garcia,true
Johnathan,Allen,
Laura,Faulkner,
Kirk,Pearson,
Joseph,Bonilla,
Christina,Moore,true
Gary,Barber,true
Laura,Diaz,
Jerry,Stuart,true
Brianna,Griffith,true
Kenneth,Lopez,
Wesley,Krause,true
Derek,Sullivan,true
Brian,Johnson,true
Monica,Mcdonald,true
Christine,Peterson,true
Brianna,Ramirez,true
Robert,Decker,
Michael,Bryant,
Jamie,Silva,true
Steven,Jones,
Christopher,Bautista,
Elizabeth,Stein,true
Brandi,Werner,true
Derrick,Jones,true
Michelle,Price,
Kara,Silva,
Lisa,Cox,
Jonathan,Armstrong,
Randy,Rodriguez,true
Amber,Payne,true
Patricia,Moore,
Barbara,Krueger,
Susan,Colon,true
Ryan,Morgan,true
Chad,Willis,
Brian,Curtis,true
Stephanie,Jones,true
Jeffrey,Garcia,true
Erik,Walker,true
Steven,Murray,true
Samuel,Simmons,
Brian,Brown,true
Barbara,Brown,true
Monica,Oconnor,
Jacob,Yang,
Jennifer,Roberts,true
Ashley,Schultz,true
Elizabeth,Swanson,true
Jonathan,Lawrence,
Linda,Rodriguez,true
Molly,Tate,true
Patrick,Mosley,
Anita,Nelson,
Susan,Harris,
John,Conrad,true
Peggy,Johnson,true
Timothy,Allen,true
Susan,Hansen,
Linda,Woods,true
Susan,Herrera,true
Linda,White,true
Andrew,Matthews,true
Lisa,Richardson,true
Jennifer,Dixon,true
Daniel,James,
Kyle,Chaney,true
Erin,Kennedy,
Allison,Jones,
Jason,Lopez,true
Cameron,Burton,
Joe,Cook,
Robert,Miller,true
Olivia,Martin,
Manuel,Long,
Richard,Villanueva,
Taylor,Jones,
Catherine,Simmons,true
Samantha,Miranda,true
Sarah,Brown,true
Jerry,Clark,true
Briana,Morris,
Michelle,Schneider,true
Alyssa,Kim,true
Courtney,Williams,true
Rebekah,Gonzalez,true
Cameron,Gay,true
Jose,Martinez,
Gabrielle,Todd,true
Adrian,Price,true
James,Daniels,true
Henry,Huffman,true
Beth,Murphy,
Kevin,Haynes,true
Darryl,Deleon,true
Jeffrey,Wells,true
John,Hicks,true
Pamela,Stanley,true
Frank,Gardner,true
Eric,Kennedy,
Michael,Buchanan,
Brooke,Johnson,true
Joseph,Alvarado,
Dawn,Ross,
Christina,Hammond,
Adrian,Richmond,
Elizabeth,Gardner,
Melissa,Wood,true
Matthew,Nelson,true
Janet,Gross,
Michael,Murphy,true
Samuel,Davis,true
James,Garcia,true
Carolyn,Glover,true
Jonathan,Singleton,true
Jennifer,Rodriguez,true
Robert,Moore,
Kelly,Rogers,true
Kelly,Rodriguez,true
Michael,Fisher,
Lorraine,Shaw,true
Steven,White,
Joy,Long,true
Brandon,Riggs,
Raymond,Henderson,true
Kenneth,Wright,
Katelyn,Sloan,
Jonathan,Robinson,true
Gina,Morales,true
Rachel,Martinez,true
Nicole,Mcgee,true
Danielle,Hunter,true
Dillon,Baker,true
Steven,Lane,true
Sandra,Cook,true
Heather,Cardenas,
Kyle,Robinson,
James,Rodriguez,true
John,Robertson,true
Melissa,Smith,
Sarah,Oneal,
Austin,Mcdowell,
Marie,Taylor,true
Teresa,Garrett,true
Kelly,Perez,true
Mary,Odom,
Stacy,Hansen,
Sara,Lopez,true
Arthur,Gibson,
Jennifer,Ortiz,true
Amanda,Davis,true
Tina,Fitzpatrick,true
Andrea,Page,true
Wayne,Reeves,true
James,Sullivan,
John,Hernandez,true
Tiffany,Barnett,true
Jessica,Watts,
Katherine,Brennan,
Nathan,Nielsen,
Patricia,Davis,true
Ricardo,Davies,true
Matthew,Lawson,true
Christopher,Miller,true
Charles,Mendoza,true
Jack,Lin,true
Michelle,Jacobs,true
Amber,Hopkins,true
Christine,Lara,true
Nancy,Garcia,true
Lindsey,Owens,true
Lisa,Brewer,
Alex,Rhodes,true
Daniel,Bennett,true
Susan,Robinson,true
Christopher,Olson,true
Jon,Roach,true
Michael,Robinson,
Rodney,Arellano,true
Alicia,Wong,true
Jesse,Singh,true
Nicole,Smith,
Dwayne,Snyder,
Marcus,Rice,
Ashley,Dixon,
Erica,Nelson,
Anna,Valdez,true
Marco,Pierce,true
Nicole,Henry,true
Melissa,David,true
Patricia,Moreno,true
Kevin,Woodard,
Adam,Bailey,true
Carrie,Henson,
Richard,Martin,
Whitney,Reed,
Michael,Snyder,true
Dana,Molina,true
Justin,Decker,
Cristina,Gray,
Mark,Nguyen,
Michael,Johnson,true
Nicholas,Clark,true
Todd,Wheeler,true
Linda,Woods,
Alan,Peterson,true
Christina,Pennington,true
Jennifer,Baldwin,
Jake,Oliver,true
Krystal,Reilly,
Jacob,Grant,
Malik,Wright,true
Gabrielle,Johnson,
Anne,Howard,
Trevor,Gutierrez,true
Caleb,Morales,true
Jennifer,Hernandez,true
Mark,Montes,true
Matthew,Peck,true
James,Dominguez,
Jonathan,Mclaughlin,true
Melissa,Vega,
Renee,Ellis,
Mark,Schmidt,
Anthony,Baker,true
Amanda,Perkins,true
Lisa,Garcia,true
Jennifer,Sullivan,true
Jeremy,Wright,true
Tracy,Frazier,true
Kathryn,Cardenas,true
Robert,Wheeler,
John,Gonzalez,true
Thomas,Gordon,true
Jacob,Mcintyre,true
Charles,Melendez,true
Angel,Johnson,true
Derek,Stevens,true
Cindy,Odonnell,true
Mary,Holmes,true
Amanda,Monroe,true
Sara,Sanchez,true
Dennis,Williams,true
Emily,Mitchell,true
Lauren,Rodriguez,
Jeffrey,Santiago,true
Tony,Norton,true
Jacqueline,Choi,true
Andrew,Mclaughlin,true
Larry,Livingston,
Caitlin,Ryan,
Bryan,Porter,
Crystal,Harris,
Joseph,Marshall,true
Brendan,Smith,true
Amy,Wilson,
David,Clark,true
Terri,Pace,
Erika,Joseph,
Jessica,Brown,true
Chase,Young,
Mitchell,Cook,true
Paul,Allen,true
Adam,Morales,true
Jeffrey,Hernandez,true
Melinda,Hamilton,true
Michael,Miller,true
Randall,Scott,true
Pamela,Allison,true
Cynthia,Harrington,true
Heidi,Brown,true
Kathryn,Graham,true
Samantha,Strickland,
Kimberly,Gilbert,
Laura,King,true
Janet,Perez,true
George,Hunt,
Randy,Taylor,true
Theresa,Newman,true
Mark,Hensley,true
Elizabeth,Woodard,
Amanda,Snow,
Colton,Porter,
Barbara,Aguilar,true
Michael,Brady,true
Paul,Romero,true
Donna,Little,true
Kathleen,Ramirez,true
Caitlin,Espinoza,
Michael,Mccarthy,true
Janet,Choi,true
Michael,Moore,
Brian,Little,true
Robert,Davis,
Miranda,Phillips,true
Jonathan,Garrison,
Anthony,Guerrero,true
Kenneth,Bryant,
Amy,Brown,true
Robert,Morris,true
Carrie,Lyons,
Laura,Graves,true
Jaime,Lucas,true
Jordan,Pearson,true
Nicholas,Martinez,
Mary,Padilla,
Scott,Chapman,
Pamela,Bridges,true
Wanda,Collins,true
Mark,Bender,true
Amanda,Norris,true
Abigail,Brown,true
Brian,Pham,true
Jamie,Young,true
Brian,Peterson,
Lisa,Warren,true
Lacey,Rosales,
Timothy,Nguyen,true
Daniel,Harper,true
Barbara,Smith,true
Holly,Brown,true
Wesley,Cunningham,true
Rachel,Mason,
Alicia,Case,
Thomas,Wright,true
Antonio,Dominguez,true
Kelsey,Collins,
Michael,Hodges,true
Elizabeth,Gutierrez,true
Scott,Brown,true
Melvin,Wiley,true
Stephanie,Haas,true
Lisa,Medina,
Susan,Lane,true
William,Tran,true
Tony,Morris,true
Randy,Carlson,
Savannah,Holland,
Crystal,Vega,true
Erika,Espinoza,true
Deborah,Jones,
Kirsten,Williams,
Charles,Patel,
Mitchell,Pierce,
Misty,Ramirez,true
Angela,West,true
Mark,Bowman,
Christina,Orr,
Brian,Bridges,true
Mike,Hale,true
Amanda,Allen,true
Robert,Hernandez,
Brandon,Bernard,true
Dan,Young,true
Jonathan,Nguyen,true
Mary,Sandoval,true
Bryan,Clark,true
Tina,Weaver,true
Joseph,Huynh,
Kelly,Meyer,
Mary,Clark,true
Sherry,Lyons,true
Jonathan,Adams,true
Jeremy,Henderson,
Edward,King,
Jennifer,Butler,true
Michael,Taylor,true
James,House,true
Pamela,Kelley,
Kevin,Peters,true
Carolyn,Sanchez,true
Jacqueline,Johnson,true
Aaron,Gardner,true
Randall,Kemp,true
Kristen,Flores,true
Robert,Wilson,true
John,Taylor,true
Misty,Mckinney,true
Craig,Smith,
Brianna,Long,
Hailey,Fisher,true
Elizabeth,Cantrell,
Jennifer,Ortiz,true
Benjamin,Conway,true
Charles,Rose,true
Noah,Mccarty,true
James,Casey,true
Hector,Stanton,true
Dustin,Watkins,true
Chloe,Pham,
Jordan,White,
Melissa,Reese,
Gary,Taylor,
Michele,West,
Jennifer,Baker,
Andre,Brown,true
Joseph,Murphy,
Andrew,Stewart,
Brenda,Jones,true
Cole,Harris,true
Kimberly,Levy,true
Jerry,Shannon,true
Blake,Brown,true
Brianna,Ford,true
Bryan,Santiago,true
Michelle,Walker,true
David,Lewis,true
Molly,Henry,
Michaela,Sanchez,true
Samantha,Ramirez,true
Matthew,Kramer,
Stephanie,Marquez,
Maria,Short,
Sandra,Hawkins,true
James,Copeland,
Roberto,Chapman,true
Douglas,Murphy,true
Lori,Chavez,true
Cynthia,Weaver,true
Christopher,Charles,true
Joshua,Thompson,true
Michael,Bowers,true
Kimberly,Torres,true
Scott,Webb,
Karen,Luna,true
Shane,Bradley,true
Shelly,Long,true
Russell,Medina,true
Anne,Baker,true
Christopher,Jones,true
Kelly,Espinoza,true
Rachel,Martinez,true
Elizabeth,Bailey,true
Lori,Reese,true
James,Cruz,
Kelly,Levy,true
Austin,Roth,true
Timothy,Edwards,
Michael,Knight,true
Nicolas,Ray,true
Tracy,Butler,true
Brian,Novak,true
Thomas,Burton,true
Mario,Humphrey,true
Kelly,Mcdonald,
Melinda,Smith,
Emily,Sanchez,true
Dana,Vega,true
Jessica,Cortez,true
Kelly,Olson,
Timothy,Gallegos,
Jonathan,Cummings,true
Steven,Johnson,true
Christopher,Sullivan,true
Kimberly,Garcia,true
Michael,Nguyen,
Kevin,Foster,true
Jennifer,Preston,
Mary,Chapman,
Marc,Collins,true
Amber,Sims,
Shawn,Kennedy,true
Christine,Farmer,true
Pam,Martinez,
Lisa,Thompson,true
John,Bennett,
Ronald,Dixon,true
Paul,Peterson,true
Carrie,Jones,
Tiffany,Carrillo,true
Katie,Hanna,
Seth,Villanueva,
Donna,Lewis,true
Tina,Hunter,true
Sheri,Beck,true
Kristen,Hall,true
Douglas,Morgan,true
Zachary,Miller,true
Teresa,Collins,true
Devon,Roberts,true
Amy,Gray,
Tracy,Wagner,
Eric,West,true
Denise,Harper,true
Brianna,Richards,true
Shirley,Garcia,true
James,Byrd,true
Krista,Mata,
Vernon,Gomez,true
John,Gilbert,
Alicia,Medina,true
Vanessa,Campbell,
Pamela,Berg,true
Michael,Reilly,
Thomas,Austin,true
Alejandra,Martinez,true
Lindsey,Powers,true
Jacqueline,Sawyer,true
Nancy,Wilkins,
Shane,White,true
Daniel,Rivas,true
Andrew,Medina,true
Donald,Carson,true
Jason,Hamilton,true
Mark,Perez,
Christina,Mann,
Matthew,Miller,true
Nicholas,Mccarthy,
John,Barnett,true
Paige,Hudson,
Edward,Marshall,true
Gina,Higgins,
Linda,Ellis,true
Daniel,Wade,
Jessica,Weiss,
Erik,Aguilar,true
Gregg,Baker,true
Bradley,Compton,true
Timothy,Sanders,
Steve,Mccall,true
Thomas,Hull,
Carla,Cunningham,
Rachel,Sullivan,
Latoya,Little,
Sarah,Harvey,true
Kayla,Wright,
Andrew,Tanner,true
Aaron,Hansen,true
Hunter,Atkinson,true
Richard,Williams,true
Frank,Martinez,true
Timothy,Burns,
Melissa,Ortiz,true
Henry,White,true
Amanda,Mccoy,true
Pamela,Cox,true
Linda,Ray,true
Brooke,Hernandez,
Lisa,Livingston,true
Eugene,Mason,true
Stephen,Reid,
Kevin,Landry,true
Jamie,Porter,true
Daniel,Cunningham,true
Victor,Marsh,true
Ryan,Rodriguez,
Brittany,Bradley,true
Amy,Wallace,
Alex,Smith,true
Timothy,King,
Charles,Jennings,
Jessica,Vargas,
Jacqueline,Briggs,
Laurie,Gonzales,true
Olivia,Clark,true
Donald,Molina,
Ricky,Allen,true
Catherine,Rodriguez,true
Daniel,Torres,
David,Shepherd,true
Jonathan,Hansen,
Benjamin,Griffin,true
Tracey,Hess,true
Victoria,Walker,true
Cathy,Carney,true
John,Gibbs,true
Angela,Torres,true
Harold,Glover,true
Dawn,Myers,true
Ashley,Spencer,true
Mary,Walters,true
Christina,Davenport,true
Brian,Johnson,true
Crystal,Contreras,true
Tanya,Turner,true
Katelyn,Durham,
Nathaniel,Wilson,true
Joseph,Long,
Mallory,Hall,true
Bianca,Chavez,true
Victoria,Strickland,true
Scott,Jackson,
Patrick,Smith,true
Samuel,West,true
Brian,Baker,true
Haley,Baldwin,true
Joanna,Fernandez,
Jeffrey,Berg,
Alexander,Wilson,true
David,Fuller,true
Laura,Kramer,true
Melinda,Lambert,true
April,Cole,true
Jill,Thornton,true
Holly,Riley,true
Beth,Kim,
Kelly,Thomas,true
Teresa,James,true
Jasmine,Johnson,true
Brian,Wood,true
Deborah,Estes,true
Jeremy,Knight,true
Abigail,Mccoy,
Chad,Sellers,true
James,Terry,true
Rachael,Watson,
Jeffrey,Poole,
Matthew,Salazar,
Christopher,Small,
Noah,Smith,true
Steven,Mack,
Casey,Castillo,true
Rachel,Poole,true
Karen,Sutton,true
John,Martinez,true
Michele,Harrington,
Cheyenne,Brown,true
David,Turner,true
Brian,Carter,
Sheena,Ward,true
Anthony,Carson,true
Janet,Zavala,
Cynthia,Smith,
Carla,Cannon,true
Lacey,Lopez,true
Amy,Copeland,true
Kristin,Jacobs,
Antonio,Ferguson,true
Isabella,Bush,true
James,Davidson,true
Holly,Mendoza,
Jordan,Lopez,
Antonio,Ryan,
Raymond,Ware,true
Alexander,Stafford,true
Kevin,Clayton,
Kristen,Rice,true
Joseph,Moore,true
Bryan,Riley,true
Diana,Flores,true
Kathryn,Lawrence,
Deanna,Smith,true
Nancy,Miller,
David,Horton,
Zachary,Esparza,
Victoria,Moreno,true
Douglas,Skinner,true
Timothy,Spencer,true
Daniel,Oconnor,true
Ryan,Fitzgerald,true
Natalie,Martinez,true
Joyce,Hayes,
Amber,Morris,
Tiffany,Jackson,
Tiffany,Vasquez,true
John,Douglas,true
William,Reed,true
Nicole,James,true
Danielle,Miller,true
Sarah,Miller,
John,Morrison,true
Sarah,Coleman,true
Daniel,Smith,
Kurt,Butler,
Cody,Becker,true
Molly,Miller,true
Craig,Bailey,true
Derrick,Campbell,true
Jennifer,Ibarra,true
Timothy,Black,true
Shawn,Blanchard,true
Brian,Johnson,
Patricia,Gray,true
James,White,true
William,Smith,true
Hannah,Cummings,true
Philip,Mills,true
Emily,Berry,true
Casey,Coffey,true
Regina,Johnson,
Steven,Waters,true
Joshua,Gonzalez,true
Kimberly,Green,true
Thomas,Nelson,true
Robert,Rivera,true
Michelle,Lewis,true
Linda,Barajas,true
Amber,Jensen,
John,Owens,true
Elizabeth,Benitez,
Sarah,Smith,
Jonathan,Hernandez,true
Benjamin,Stevens,true
Isaac,Roth,
Lauren,Smith,true
Nicole,Duffy,true
Emily,Vega,true
Jesse,Stone,
Nancy,Lucas,true
Thomas,Horne,true
Jo,Humphrey,true
Nicholas,Marquez,true
Cathy,Todd,
Vicki,Harmon,true
Brent,Lloyd,
Jonathan,Hill,
Timothy,Kelly,true
Donna,Martinez,
Tammy,Miles,true
Stephen,Fields,true
Paige,Kemp,true
Hannah,Myers,
Tanya,Garcia,
Elizabeth,Moody,true
Christina,Murray,true
Emma,Berry,true
Rebecca,Santos,
Tammy,Williams,true
Lauren,Zimmerman,
Amy,Reed,true
Peter,Holland,
Stephen,Martinez,
Evan,Martinez,
Stephanie,Smith,true
Robert,Schultz,
Steven,Price,true
William,Park,true
Cole,Butler,true
Jessica,Prince,true
Brian,Smith,true
Mark,Ortiz,
Shane,Garcia,true
Tammy,Lowe,true
Bonnie,Parsons,true
Christopher,Gross,true
Jason,Hawkins,true
Diane,Lee,true
Jeffrey,Rodriguez,true
Destiny,Thompson,
Carol,Johnston,
Catherine,Cline,true
Joseph,Bond,true
Whitney,Russell,
Joseph,Brown,true
Andrea,Cherry,true
Ronnie,James,
Jesse,Wagner,true
Jennifer,Johnson,
Christina,Miller,
Amy,Collins,true
Nathaniel,Curtis,true
Joann,Patel,true
Daniel,Gonzalez,true
Donna,Harris,true
Patricia,Gomez,
Christopher,Douglas,true
Thomas,Glover,true
Ryan,Fischer,true
Briana,Turner,
Patrick,Williams,true
Kathryn,Morris,true
Jonathan,Henry,true
Jonathan,Navarro,true
Steven,Ryan,
Matthew,Rodriguez,true
Laurie,Stewart,true
Joseph,Ramirez,true
Eric,Harris,true
Amy,Townsend,
Jeffrey,Gutierrez,
Kenneth,Zimmerman,true
Jonathan,Guerrero,
James,Thomas,
James,Bradshaw,true
Edgar,Moreno,true
Margaret,Roberts,true
Mary,Gonzales,
Deborah,Ortiz,true
Jesse,Thomas,
Taylor,Torres,true
Jennifer,Sampson,true
Jennifer,Shaffer,true
Melanie,Griffith,
Michelle,May,true
Lori,Morales,
Alexandra,Shelton,true
Carl,Gonzalez,true
Maria,Miller,true
Chad,Kelly,true
Eileen,Davis,
Jacob,White,true
Tony,Howard,
Randy,Franklin,
Taylor,Davidson,true
Nicole,Rivas,true
Daniel,Martinez,
Theresa,Potter,
William,Kerr,true
Erin,Anderson,true
Carlos,Sawyer,
Steven,Reyes,
Robert,Johnson,true
John,Kelley,true
Melissa,Franklin,true
Travis,Davis,true
Adam,Bailey,
Crystal,Peterson,true
David,Anderson,true
David,Allen,true
Jose,Mitchell,true
Harry,Miller,true
Jay,Smith,true
David,Spence,
Alicia,Young,
Gregory,Cooper,
Michelle,Brown,true
Melissa,Johnson,
Robert,Hunter,true
Ellen,Montes,true
Madeline,Terry,true
Gregory,Mclean,true
Rebekah,Fischer,
Wendy,Sexton,true
Angela,Spencer,true
Brent,Richards,true
Christina,Price,true
Christopher,Kim,true
Kristie,White,
Eric,Anderson,true
Patrick,Moran,true
Kimberly,Dillon,true
Michael,Morris,true
Stephanie,Garcia,true
Amber,Randall,true
Matthew,Morris,true
Brandon,Henry,true
Elizabeth,Jones,
Manuel,Reyes,
Cindy,Blackburn,true
Mindy,Valentine,true
Mary,Stevenson,
Emma,Beltran,true
Matthew,Jacobson,true
Paul,Phillips,
James,Porter,true
David,Harrison,true
Tara,Davidson,true
Donna,Kelly,true
Renee,Mayer,
Victor,Davis,true
Marc,Abbott,true
Kevin,Flores,
Sarah,Mayo,true
Anthony,Morgan,
Sarah,Wong,
Tanya,Martinez,true
Jacob,Lewis,true
Valerie,Spencer,true
Kelly,Drake,true
Zachary,Foster,true
Susan,Summers,true
Stacy,Jones,true
Alicia,Roberts,true
Charlene,Patterson,true
Mike,Hudson,
Nichole,Murray,true
Anthony,Robinson,true
Andrew,Sutton,
John,Munoz,
Antonio,Gray,true
Mallory,Bright,
Zachary,Johnson,true
Scott,Zimmerman,true
Nicolas,Myers,true
Dakota,Silva,
Cynthia,Crawford,true
Larry,Smith,true
Victoria,Hoover,
Carl,Shannon,
Melissa,Hardy,
Carolyn,Smith,true
Austin,Washington,true
Jacob,Spencer,true
Earl,Jackson,true
Nicole,Simmons,true
Phillip,Hurst,
Hailey,Robbins,true
James,Taylor,true
Andrea,Figueroa,
Cassandra,Moreno,
Gregory,Pacheco,
Shawn,Shelton,true
Nicole,Huerta,true
Matthew,Hoffman,true
Barbara,Hudson,true
Sandra,Francis,
Rebecca,Ray,
Tammy,Simpson,true
Kyle,Clark,true
Sherry,Peterson,
Kyle,Howard,
David,Warren,
Brandon,Townsend,true
Christopher,Ellis,
Renee,Mccall,true
Nicole,Valdez,true
Austin,Bird,
Matthew,Oliver,true
Adam,Morrison,true
Kenneth,Koch,true
Roger,Maddox,true
Michael,Harris,true
Devon,Levy,true
Alison,Wright,
Jennifer,Jones,
Alexandra,Rosales,true
Erika,Wood,true
Kristen,Dyer,true
Kristin,Higgins,
Adrian,Martin,
Joshua,Hunter,true
Cindy,Wells,
Meredith,Shepherd,
Paula,Jackson,
Jacob,Woodard,
Michael,Hill,
Maureen,Miller,true
Pamela,Brandt,true
Matthew,Rojas,
Lawrence,Jordan,true
Travis,Coleman,true
Tina,Lopez,true
Joseph,Armstrong,true
Kayla,Sellers,true
Michael,Rogers,
Tiffany,Fitzpatrick,
Sierra,Warren,
Patricia,Martinez,
Gregory,Castillo,
Gilbert,Johnson,true
Bryan,Gutierrez,true
Yvonne,Murphy,true
Austin,Patel,true
Ronald,Lopez,true
Terry,Fowler,true
Holly,Lara,true
Cody,Hayden,true
Veronica,Bradford,
Sylvia,Moon,
Sharon,Young,true
Jeffery,Wilson,true
Tammy,Cooper,true
Jessica,Gardner,true
Matthew,Roman,true
Sharon,Frazier,true
James,Gonzalez,true
Tracy,Mcmillan,
Peter,Schultz,
Jenna,Ayala,true
Julie,Martinez,true
Richard,Lee,true
Karen,Smith,true
Timothy,Lopez,true
Justin,Burke,true
Karen,Erickson,true
Sarah,Ramsey,
Robin,Evans,
Michael,Chang,
Melvin,Butler,true
Deborah,Mcbride,true
Austin,Williams,true
Kenneth,Dean,
Joan,Crawford,
Erin,King,
James,Hamilton,true
Deborah,Hood,true
Marcus,Stout,
Shannon,Jacobs,true
Todd,Harris,true
Sarah,Wilson,
Edward,Brown,true
Calvin,Jones,true
Nicholas,Fry,
Alejandro,Sharp,
Debra,Morgan,true
John,Kemp,true
Benjamin,Richardson,true
Eric,Cobb,
Joseph,Daniel,
William,Pollard,true
Aaron,Pace,true
Wendy,Smith,true
Cheyenne,Hernandez,true
Patricia,Spencer,true
Charles,Taylor,
Stacey,Clark,
Megan,Williams,
Robert,Lee,true
Pamela,Hughes,true
James,Davis,true
Tami,Harper,true
Thomas,Avila,true
Darius,Phillips,
Donald,Perez,true
Elizabeth,Moran,
Kristina,Chapman,true
Jimmy,Morris,true
Julie,Hobbs,true
Hailey,Miller,true
Robert,Elliott,
Kathleen,Franklin,true
Cassandra,Smith,true
Stacey,Montoya,
Lauren,Romero,
Hector,Rivera,
Veronica,Morris,true
Derrick,Sanders,true
Russell,Gallagher,true
Cody,Moore,true
Robin,Ramsey,true
Heather,Shelton,true
Lindsay,Zuniga,
Mark,Wells,
Adam,Jones,
Gerald,Gonzales,
Christopher,Perez,true
Justin,Thornton,
Lauren,Solis,true
Michelle,Kidd,
Michael,Shannon,
Matthew,Murphy,
Sheila,Garcia,true
Rebecca,Rogers,
Dana,Tran,true
Elizabeth,Lee,true
Jessica,Arroyo,
Isaac,Wright,true
Jennifer,Evans,true
Martha,Mahoney,true
Daniel,Shelton,true
Jacqueline,Sandoval,true
Yvette,Gonzales,true
Sherry,Randolph,true
Nicholas,Vincent,true
Nicole,Banks,
Caleb,Zuniga,
Kathryn,Mckinney,
Kaylee,Griffin,
Raymond,Yu,true
Stephen,Hill,true
Ryan,Young,true
Kevin,Turner,true
Scott,Bonilla,true
Scott,Smith,
Jill,George,true
Anthony,Odonnell,
Kenneth,Walton,
Tammy,Dixon,
Mary,Herring,
David,Harris,
Holly,Jenkins,true
Kristen,Hall,true
Vanessa,Hernandez,true
Lindsey,Baker,true
Jessica,Cooper,true
Daniel,Garcia,
Brandon,Proctor,true
Ray,Moore,
Thomas,Hughes,true
Cheyenne,Moreno,true
Erika,Hill,true
William,Wright,true
Joshua,Hurley,true
Allen,Luna,true
David,Forbes,true
Jeffrey,Ross,true
Yolanda,Morris,
Amy,Webster,true
Joseph,Lopez,true
Robert,Miller,true
Courtney,Lopez,true
Karen,Harris,true
George,Spencer,true
Kenneth,Williamson,true
Eric,Roberts,true
Daniel,Mckinney,
William,Armstrong,
Stephanie,Rangel,
Cody,Nichols,
Charles,White,true
Jennifer,Ortiz,
Ryan,Hampton,true
Jacqueline,Soto,true
Ashley,Jones,true
Thomas,Torres,
Bruce,Browning,
Charles,Holt,true
Matthew,Rodgers,true
Jeremiah,Robertson,true
Jeffery,Barry,
Katherine,Berry,true
Zachary,Holmes,true
Luis,Peters,
Rebecca,Castillo,true
Shannon,Gilbert,
Jessica,Parker,true
Bradley,Anderson,true
Adrian,Perez,true
Matthew,Green,true
Michelle,Price,
Phillip,Meyer,
Amanda,Brown,true
Julie,Phillips,
Joseph,Weber,true
Charles,Mack,true
John,Tucker,true
Dana,Wilson,
Henry,Howard,true
William,Garcia,true
Matthew,Miller,true
Joseph,Sanchez,true
Cory,Christensen,
Jamie,Mccullough,
Jose,Smith,
Christine,Andrews,
Justin,Taylor,true
Dylan,Sanchez,true
Megan,Watson,true
Reginald,Bell,true
James,Bell,true
Jennifer,Cooper,true
Tanya,Wagner,true
Henry,Curtis,
Cassandra,Elliott,true
Pedro,Mitchell,true
Ray,Mccarty,
Riley,Gomez,
Shelby,Price,true
Briana,Marshall,true
Melissa,Clark,true
Patrick,Mays,true
Scott,Harris,
Bonnie,Franklin,true
Maria,Powell,
Brian,Rhodes,
Ashley,Morris,
Kenneth,Holmes,true
Adam,Garcia,
Matthew,Johnson,true
Randy,Aguirre,true
Michael,Garcia,true
Henry,Johnson,
Christopher,Stark,true
Scott,Dodson,true
Laura,Faulkner,true
Joseph,Patterson,
Vanessa,Johnson,true
Joe,Moody,true
Robert,Kelley,true
Justin,Mack,true
Anna,Gray,true
Christopher,Lee,true
Sara,Garrett,true
Wendy,Sanchez,true
Maria,Hall,true
James,Hall,true
Robert,Cabrera,true
Megan,Morrison,true
Jaime,Mcdaniel,true
Joseph,Williams,true
Kevin,Madden,true
Philip,Cruz,
Andrew,Shaw,
Jessica,Sexton,true
Stephen,Campos,true
Robert,Griffith,true
Jack,Jensen,true
John,Aguilar,
Daniel,Armstrong,
Jesus,Meyer,true
Troy,Butler,
Jody,Reed,
Gloria,Hartman,true
Melissa,Mcbride,true
Robert,Allen,true
Phillip,Evans,
Philip,Banks,true
Janet,King,
Susan,Donovan,
Michael,Pierce,true
Michael,Serrano,true
Joseph,Brown,true
Michael,Powell,true
Richard,Martin,
Alexander,Lowe,true
Brenda,Turner,true
Jennifer,Conrad,true
Catherine,Kirk,
Andrea,Gaines,
Madison,Nguyen,true
Tony,Reese,true
Terri,Powell,true
David,Wells,true
Timothy,Mitchell,true
Kimberly,Oconnor,
Anthony,Smith,
Roberta,Garza,true
Terry,Bennett,true
Tiffany,Gomez,true
Katherine,Franklin,true
Sherry,Martin,true
Robert,Li,true
Jesse,Miller,
Kevin,Jones,
Rhonda,Young,true
Melissa,Campbell,
Tony,Shepherd,
Sherry,Gonzalez,
Ashlee,Austin,true
David,Brown,
Marc,Meyer,true
Jennifer,Vega,true
Denise,Glass,
Emily,Christian,true
Billy,Knight,true
Shane,Davis,true
Laura,Harding,true
Zachary,Payne,
Jeffery,Leon,
Jennifer,Martin,true
Lori,Zimmerman,
Katie,Mcgee,
Michael,Parker,true
Robert,Atkins,true
Stephanie,Brown,true
Erin,Paul,true
Kristina,Torres,true
Aaron,Wilson,
Timothy,Scott,true
Ronald,Carter,
Catherine,Smith,true
Catherine,Rivers,true
Cynthia,White,
Shawn,Rojas,
Evan,Bradford,
Samuel,Lee,true
John,Leon,
Karen,Lopez,true
Rebekah,Jackson,true
Melissa,Hogan,
Megan,Wilson,true
Justin,Roberts,true
Ashley,Fernandez,
Terry,Oliver,true
Jennifer,Weaver,true
Timothy,Ortega,true
Brittany,Ellison,
Aaron,Clark,true
Michael,Johnson,
Heather,Jones,
Carly,Estrada,
Alexandra,Hopkins,true
Brittany,Short,
Julie,Hopkins,
Crystal,Long,true
Jack,Jackson,true
Amber,Smith,
Christina,Cross,true
Tina,Dickerson,
Chase,Chavez,true
Shelby,Williams,
Leonard,Hamilton,true
Shannon,Jones,true
David,Goodwin,
Stephen,Blankenship,true
Jacqueline,Stanton,true
Allison,Callahan,
Kathy,Phillips,true
Frank,Schaefer,true
Stephanie,Ross,
Donald,Norman,
Mitchell,Fleming,true
Derek,Romero,
Danny,Simmons,true
Beth,Hall,true
Monica,Clark,
Michael,Rodriguez,
Emily,Davis,true
Samantha,Arnold,true
Adam,Davidson,true
Kristen,Wallace,true
Michael,Johnson,
Richard,Flores,true
Nicole,Page,
Anna,Crawford,
David,Stokes,true
Jennifer,Jimenez,
John,Howell,
Lacey,Cochran,
Jessica,Burns,true
Matthew,Blevins,true
Sabrina,Young,true
Ricardo,Brown,
Wesley,Combs,
Heather,Conley,true
Lauren,Chen,true
Penny,Lopez,
Kristin,Baker,true
Jacqueline,Wilson,
Becky,Robinson,
Greg,Hendrix,
Brandon,Erickson,true
Theresa,Ross,true
Julian,Nguyen,
Charles,Shields,true
Adriana,Perez,true
Melissa,Jackson,true
William,Ortiz,true
Mark,Johnson,
Troy,Phillips,true
Sarah,Porter,true
Mark,Scott,true
Joseph,Sullivan,
Andrew,Ryan,
Paula,Dixon,true
Emily,Hernandez,true
Donald,Jimenez,
William,Parker,true
Austin,Stevens,true
Heather,Rogers,true
Christopher,Cline,
Victoria,Lawson,true
James,Cordova,
Denise,Smith,
Amanda,Myers,true
Johnny,Mooney,
Corey,Spencer,true
Jacqueline,Davis,true
Kayla,Davis,true
Bradley,Poole,true
William,Pierce,
Brianna,Berg,
Jimmy,Fischer,true
Frances,Harris,
Kenneth,Benton,true
Christopher,Newman,true
Rebecca,Jackson,
Veronica,Bradshaw,true
Catherine,Allen,
Michael,Martinez,true
Andrea,Carrillo,true
Kelly,Bailey,true
Kerry,Byrd,
Gregory,Lambert,true
Dale,Anderson,true
Jacob,Sherman,true
Samantha,Sullivan,true
David,Webb,true
Tonya,Green,
Alexis,Lane,
Joyce,Cannon,
Anne,Ray,true
Karen,Williams,true
Paul,Jones,true
Sheena,Krause,
Luis,Wallace,
Robert,Shepherd,true
Robert,Scott,
Danielle,Tran,
Carlos,Johnson,true
Crystal,Hansen,true
Judy,Schneider,true
Jeff,Freeman,
Crystal,Brady,
Samantha,Henson,true
Daniel,Sims,
Connie,Day,true
Dylan,Lee,true
Christian,Lee,true
Deanna,Stephens,true
David,Perry,true
Charles,Villegas,true
Sharon,Clark,
Christina,Sanders,true
Jeffrey,Hinton,
Gina,Harris,true
Alex,Tapia,
Justin,White,true
Jacob,Woods,
Rachel,Browning,true
Marissa,Jones,true
Sean,Watson,true
Elijah,Roy,
Stephanie,Oneal,true
Stephanie,Maldonado,true
Jay,Williams,
Jeffery,Rodriguez,true
Margaret,Guzman,true
Lori,Willis,
John,Fernandez,
Christina,Valdez,
Courtney,Simpson,true
Timothy,Martin,
Kelly,Scott,true
Joseph,Ward,true
Brady,Gonzalez,
Linda,Mcdonald,
Donna,Yates,true
Kimberly,Hopkins,
Aaron,Keith,
Nicholas,Cook,true
Erica,Gonzales,true
Brian,Rodriguez,true
Melissa,Schultz,true
Nancy,Williams,true
Kathryn,Barrera,true
William,King,true
Kristen,Martin,true
Christopher,Lester,true
Kathleen,Robinson,
Katherine,Ward,true
Angelica,Delgado,true
Stephanie,Robertson,
William,Burke,
Michele,Hurley,true
Ashley,Rogers,
Jennifer,Kim,
Corey,Roth,true
Rickey,Hill,true
Erika,Stewart,true
Gabriella,Conner,
Madison,Owen,true
Alicia,Kaufman,
Gregory,Allen,true
Emma,Morse,true
Alicia,Dean,true
Christina,Johnson,
Emily,Acevedo,
Valerie,Boyd,
Harold,Lucero,true
Sabrina,Marshall,true
Jimmy,Hall,true
Trevor,Daniels,
Kelli,Wells,
Amanda,Gay,
Lindsay,Barnett,
Gregory,Jones,true
Gary,Murphy,
Ashley,Marsh,true
Nathan,Archer,
Michael,Jones,true
Diane,Herrera,true
Andrew,Gibson,
Tyler,Morris,true
Cassandra,Lewis,true
Ian,Deleon,true
Calvin,Mcgrath,true
Michael,Kline,true
Stephanie,Lee,true
Jay,Merritt,true
Katherine,Patrick,true
David,Mckinney,true
Darren,Hale,true
Jonathan,Smith,true
Joseph,Acosta,true
Samantha,Miller,true
John,Frazier,true
Eric,Mejia,true
Joshua,Rodriguez,
Lisa,Ramirez,
Larry,Cox,true
Renee,Oneal,true
Bryan,Espinoza,true
Christina,Suarez,
Brandi,Flores,true
Jackie,Bates,
Darrell,White,
James,Johnson,
Kelly,Wood,true
Lisa,Schultz,true
James,Rodriguez,true
Jessica,Hughes,true
Kimberly,Reid,true
William,Young,true
Robert,Zuniga,true
Caroline,Rodriguez,true
Robert,Ortega,
Monique,Sharp,true
Antonio,Smith,true
Patricia,Flynn,
Teresa,Ruiz,true
Madison,Mejia,true
Lindsey,Santos,true
Savannah,Smith,
Kimberly,Roberts,true
David,Dominguez,
Brittany,Joyce,true
Diana,Bryant,true
James,Bailey,true
Mary,Perry,
Sarah,Baker,
Teresa,Rios,true
Marcus,Wilson,true
Rodney,Hansen,
Crystal,Jones,true
Frank,Gonzalez,
Billy,Mcneil,true
Sabrina,Carter,
Lisa,Smith,true
Daniel,Gutierrez,true
Jennifer,Johnson,true
Tammy,Harris,true
Aaron,Brown,true
Dominique,Reynolds,
Brad,Shaw,
Jennifer,Marks,true
Sara,Scott,
Richard,Walker,
Justin,Williams,
Richard,White,true
Amber,Haynes,
Dale,Cunningham,true
Gina,Anderson,true
Amber,Gonzalez,true
Kathleen,Flynn,true
Brian,Contreras,true
Brittney,Cannon,true
Penny,Smith,true
Tanya,Barajas,true
Valerie,Thompson,true
Ashley,Frost,
Sean,Deleon,true
Samantha,Rasmussen,true
Gary,Hicks,true
David,Walker,true
Mary,Preston,true
Kelly,Key,true
Tracy,Preston,true
Erica,Weber,
Amanda,Campbell,true
Tiffany,Keller,
Pamela,Marshall,true
Dawn,Miranda,
Anna,Butler,
Christopher,Martin,
Vincent,Martin,true
Mason,George,true
Marissa,Avery,true
Maurice,Morgan,true
Sonia,Lopez,true
Mark,Richards,true
Norma,Smith,true
Brandy,Villanueva,true
David,Stevens,true
Alexis,Kim,true
Roy,Russo,true
Tony,Crawford,true
Carolyn,Richardson,true
Alan,Reyes,
Courtney,Jensen,true
Randy,Sullivan,
Ryan,Love,true
Kathy,Valenzuela,true
Erica,Pruitt,true
Natalie,Flores,
Eileen,Thomas,
Kimberly,Thompson,true
Suzanne,Hernandez,true
William,Hopkins,true
Martin,Compton,
Eric,Hicks,true
Madeline,Preston,true
Mary,Carroll,true
Holly,Skinner,true
Lawrence,Jones,
Tina,Norton,true
April,Jones,
Jessica,Gutierrez,true
Hayley,Gibson,
Jessica,Riggs,true
Denise,Peterson,true
Jerry,Brown,true
Margaret,Frazier,true
Ricky,Johnson,true
Sara,Romero,
Samuel,Reynolds,
Andrew,Foley,true
Anthony,Gross,true
Lee,Barker,true
Amanda,Li,true
Stephanie,Davis,true
Don,Rose,true
Bradley,Gibson,
Heidi,Ortiz,
Malik,Clark,true
Nicole,Henderson,true
Katie,Merritt,
Michelle,Hall,true
Amanda,Martinez,true
Kenneth,Cortez,
Cindy,Lin,true
Christopher,Lucas,true
Veronica,Sloan,true
Duane,Alvarez,true
James,Lee,true
Christopher,Meza,true
Nathaniel,Miller,true
Tracy,Brown,
Mariah,Cervantes,
Joshua,Jones,true
Brenda,Jones,true
Jennifer,Booker,
Seth,Castaneda,
Rachel,Kennedy,true
Susan,Smith,
Jordan,Barnes,
Brenda,Turner,true
James,Stanley,
Matthew,Brown,
Christian,Little,
Thomas,Valenzuela,true
Philip,Hughes,true
Gary,Curry,true
Andrea,Morrison,true
Norma,Jenkins,true
Jill,Ortiz,true
Jessica,Howell,
James,Henderson,true
Nicholas,Thomas,true
Stephanie,White,true
Christopher,Greene,
James,Palmer,true
Christine,Cantrell,true
Christopher,Lopez,
Sandra,Cook,
Pedro,Dunn,true
Cassandra,Gallagher,
Daniel,Guzman,true
Michael,Hunt,
Leslie,Preston,true
Crystal,Valdez,
Luis,Saunders,true
Samantha,Golden,
Brian,Woods,true
Jay,Parker,
Janet,Fleming,true
Lance,Williams,
Rebecca,Brooks,true
Sara,Oliver,true
Megan,Hickman,true
Raymond,Davis,true
Krystal,Miller,true
Brian,Christian,true
Stephen,Doyle,
Carl,Taylor,true
Kathleen,Peterson,true
Teresa,Mcintosh,true
Ashley,Hill,true
Andrew,Jacobs,true
Jeffery,Turner,true
Christian,Peterson,true
Jason,Burgess,true
Crystal,Herrera,
Brenda,Dean,true
Kathleen,Allen,true
Julie,Suarez,true
William,Lee,true
Paige,Sanders,
Devin,Bates,true
Patricia,Olsen,true
Becky,Hernandez,true
Marie,Lamb,
Nathan,Flores,true
Brandon,Gonzalez,
John,Henderson,true
Samuel,Bell,
Chase,Reed,
Timothy,Nichols,true
Mitchell,Owen,true
Amy,Baker,
Duane,Gomez,true
Ashley,Caldwell,true
Maria,Hampton,true
Kathy,Schneider,
Christopher,Johnson,true
Alison,Rojas,true
Susan,Valdez,
David,Frank,true
Jason,Conway,true
Nathan,Reid,true
Amy,Klein,
Victoria,Johnson,
Sara,Adams,true
Charles,Reid,
Angela,Davis,true
Brittany,Nicholson,
William,Dunn,true
Jon,James,
Heather,Boyle,true
Martin,Robinson,
Lindsay,Brewer,true
Christopher,Mitchell,true
Renee,Martin,true
Nathaniel,Kelly,true
Jesus,Martinez,
Mark,Kim,true
Kimberly,Mccullough,true
Kevin,Richardson,true
Kim,Kramer,true
Shelly,Warren,true
Keith,Parker,true
Rebecca,Pearson,
Thomas,Turner,true
Ernest,Blake,true
Kimberly,Aguilar,true
Parker,Chandler,true
Patricia,Jordan,true
Edward,Pearson,true
Thomas,Guzman,
Christina,Lewis,true
Nicole,Green,true
Sandra,Ayers,true
Kimberly,Gould,true
Cory,Johnson,true
Lisa,Butler,
Stephanie,Gomez,true
Dennis,Figueroa,true
Michelle,Spencer,true
Austin,Zuniga,true
Sarah,Mora,true
David,Brown,true
Regina,Smith,true
John,Gardner,
Melissa,Levy,true
Brandon,Powell,
Vanessa,Alvarez,true
Michael,Wu,
Jenny,Fox,true
Elizabeth,Cole,true
Justin,Holmes,true
Steve,Carey,true
Ryan,Miller,true
Alvin,Blair,true
John,Pearson,true
Marcus,Mejia,true
Antonio,Simon,true
Maria,Mccall,true
Linda,Robinson,
Emily,Rodriguez,true
Samantha,Morrison,
Johnny,Clark,
Brandon,Hanson,true
Dana,Mcclain,true
Christine,Ramos,
Lisa,Holloway,true
Melissa,Gibson,true
Michael,Fernandez,true
Karen,Woods,true
Kimberly,Stone,true
Alexander,Cook,true
Adam,Jones,
Michelle,Hale,true
Dawn,Perez,true
Michael,Smith,true
Pamela,Willis,true
Tracy,Coleman,
Amanda,Jones,
Alexis,Bradford,true
Eric,Elliott,true
Richard,Tucker,
Elizabeth,Andersen,
Rhonda,White,true
Annette,Kaufman,true
Kenneth,Brown,true
Joshua,Brown,true
Monique,Thompson,true
Tammy,Anderson,true
Robert,Foster,
Destiny,Lutz,
Phillip,White,true
Jeffrey,Reeves,true
Michelle,Dodson,
Brandy,Allen,true
Stephanie,Decker,true
Deborah,Carter,true
Donna,Lloyd,true
Jason,Brown,true
Michelle,Keller,true
Loretta,Haynes,
Ryan,Vaughn,true
Dan,Smith,
Alex,Brown,true
Ethan,Lee,
Jose,Martinez,
Stacey,Yates,true
Alejandra,Strickland,true
Paula,Gregory,
Joseph,Lozano,true
Dean,Thomas,true
Sue,Lee,true
Anna,Long,true
Madison,Richardson,true
Kelly,Buchanan,true
Robert,Brown,true
Felicia,Sawyer,true
Julian,Edwards,true
David,Salazar,
Annette,Watson,
Joshua,Williams,true
Daniel,Yoder,true
Daniel,Nelson,
Gary,White,true
Jason,Campbell,true
Elizabeth,Watson,
Kenneth,Wright,true
Robert,Perez,true
David,Clark,
Beverly,Leon,true
Robert,Wright,
James,Thomas,
Derrick,Wells,true
Devin,Neal,
Linda,Baker,true
Amanda,Ray,true
Bruce,Williams,
Amy,Castillo,true
Kyle,Turner,true
Steven,Mason,true
Kimberly,Kelly,true
Melissa,Ellis,
Kelli,Olson,true
Mark,Mcmillan,true
Erin,Bautista,
Joseph,Holt,
Dean,Foster,true
Luis,Smith,true
Nicholas,Hughes,true
Alexis,Marshall,true
Nathan,Jones,true
Debra,Jordan,
Billy,Rose,
Amber,Stephens,true
Sandra,Williamson,
Mikayla,Wiggins,true
Wesley,Lowery,
Brandon,Cruz,true
Tracy,York,true
Jessica,Adams,true
Diana,Flores,true
Anthony,Brooks,
Joan,Cruz,true
Lauren,Ray,true
Becky,Reid,true
Robert,Fisher,true
Christopher,Clark,true
Leah,Palmer,
Erin,Campbell,true
Michael,Smith,true
Carolyn,Gonzalez,
Evan,Jackson,true
Corey,Mitchell,true
Wesley,Shaw,
Angela,Lopez,true
Mariah,Jones,
Melissa,Yates,true
Pamela,Boyd,
Chad,Hill,true
Dalton,Marshall,
Megan,Davis,true
Jay,Hunt,
Craig,Brady,true
James,Cooper,true
Timothy,Cabrera,true
Jeremy,Lewis,
Justin,Kemp,true
Sean,Roach,true
Jeffery,Steele,true
Albert,Sellers,
Jennifer,Snyder,true
John,Scott,
Gabrielle,Brown,true
Devon,Ramsey,true
Linda,Palmer,true
Laura,Vargas,
Felicia,Stewart,true
Jennifer,Garza,true
Antonio,Lewis,
Andrew,Nielsen,true
Lindsay,Carpenter,
Chris,Stewart,
Robert,Moore,true
Timothy,Ray,true
Scott,Day,true
Nathaniel,Armstrong,
Amanda,Brown,true
Larry,Wilson,true
Joshua,Thompson,
Kim,Howell,
Kristin,Lindsey,
Erin,Flowers,true
Samuel,Anderson,true
Jennifer,Burke,true
Kelly,Douglas,
Nancy,Marshall,true
Jorge,Johnson,true
Amy,French,true
Virginia,Chambers,
Mary,Pollard,true
Edward,Norris,
Deborah,Bailey,true
Jennifer,Jones,true
Sonya,Griffith,true
Patrick,Gallagher,true
Jonathan,Miller,
Heather,Ballard,true
Andre,Manning,true
Ashley,Soto,
Elizabeth,Clark,true
Patricia,Young,true
Marisa,Campbell,
Timothy,Davis,true
Mitchell,Ibarra,true
Chelsea,Chen,
Paul,Taylor,
Henry,Roach,
Thomas,Mcclain,true
Dennis,Williams,true
Paul,Stein,true
Susan,Christensen,
Crystal,Brown,
Crystal,Lowe,true
Brian,Baker,
Molly,Fischer,
Karen,Morton,true
Mark,Green,true
Karen,Davis,true
Joanna,Figueroa,true
Paula,Barker,true
Adam,White,
Melinda,Fitzpatrick,true
Joseph,Perry,
Victoria,Moore,true
Heather,Herman,
Timothy,Clark,true
Nathaniel,Wells,
Cindy,Pitts,
Travis,Johnson,
Nichole,Townsend,true
Jessica,Allen,true
Charles,Wright,
Laura,Lopez,
Julie,Castillo,true
Robert,Young,true
Randy,Bauer,
Joel,Webb,true
Christopher,Bright,true
Maria,Reyes,true
Christopher,Larson,true
Evan,Richardson,true
Brittany,Salinas,true
Theodore,Schultz,
Allen,Hall,true
Mark,Bailey,true
Ashley,Barton,true
Melissa,Reid,true
Kevin,Frazier,true
Jacqueline,Russell,true
Jeremy,Davidson,true
Vincent,Taylor,
Daniel,Alexander,true
Katherine,Brooks,
Donna,Malone,true
Sarah,Carlson,true
Stephen,Stafford,
Molly,Grant,true
Vanessa,Chase,
Katrina,Miller,true
Karen,Hancock,true
Raymond,Brooks,true
Amanda,Reynolds,
Sandra,Marquez,true
Eric,Gregory,
Mary,Allen,true
Michael,Santos,true
Ronnie,Ali,true
Jeff,Wilson,true
John,Richardson,true
Reginald,Barnes,
Joseph,Beasley,true
Kyle,Brown,true
Ruth,Ballard,true
Michael,Bradley,true
Derek,Sandoval,true
Kayla,Brown,true
Rodney,Harrison,true
Whitney,Sims,true
Carly,Wagner,true
Brett,House,true
Robert,Weaver,true
Steve,Gonzalez,true
David,Fisher,true
Leonard,King,
Beth,Martinez,
Elizabeth,Lewis,true
Nicole,Small,true
Anthony,Cline,true
Spencer,Ware,true
Willie,Erickson,true
Brent,Moore,true
Maria,Hunt,true
Robert,Howard,true
Katherine,Smith,
Andrea,Meza,true
Nathan,Crane,
Douglas,Delgado,
Mariah,Garrison,true
Dennis,Perez,true
Veronica,Berry,true
Kristine,Holland,true
Daniel,Nguyen,true
Kelly,Gregory,true
Shawn,Brown,true
Danielle,George,true
Tiffany,Brown,true
Alice,Freeman,true
Daniel,Brown,true
Jessica,Hopkins,true
April,Bryant,true
Christopher,Miller,true
Duane,Smith,true
Madeline,Sandoval,true
Victoria,Kirk,
Paul,Davis,true
Robert,Dickerson,
Kevin,Lambert,
Sheila,Morton,true
Leonard,Martinez,
Melanie,Dennis,true
Melissa,Cline,true
Timothy,Williams,true
Kimberly,Anderson,
Sarah,Simmons,true
Michael,Bryan,true
Peter,Lopez,true
Philip,Oliver,
Sara,Hodges,true
Richard,Hicks,
Michael,Brown,
Destiny,Roy,true
Kimberly,Baker,
Jamie,Higgins,
Preston,Ferguson,true
Rachel,Montgomery,
Rebecca,Walls,true
Matthew,Collins,true
Thomas,Forbes,
Caitlin,Shelton,true
Robert,Stephens,
Jennifer,Lin,true
Diana,Carney,
Kevin,Mayo,
Nicholas,West,
Mitchell,Kelley,
Andre,Boyd,true
James,Knight,
Andrew,Lee,
David,Clay,true
Craig,Mitchell,true
Jennifer,Evans,
Scott,Schroeder,true
Kathleen,Gallagher,true
Benjamin,Davis,
Luis,Mathis,true
Rachel,Thomas,true
Erin,Henry,
Daniel,Chen,true
Katie,Parker,
Melissa,Robinson,true
Samuel,Dalton,
Nicole,Jones,
James,Baker,true
Amanda,Hopkins,true
Eric,Rodriguez,true
Rebecca,Gallagher,true
Paul,Daniels,true
Stephanie,Green,
Beth,Stone,
Paul,King,true
Lauren,Kelly,
Laura,Pierce,
Heather,Bennett,true
Joshua,King,true
Jasmine,Flores,true
Sarah,Chandler,
Denise,Miller,true
Randy,Moyer,true
Megan,Perry,true
David,Weber,true
Michael,Hoffman,true
Amy,Townsend,true
Martin,Larson,true
Savannah,Hampton,true
Amanda,Chavez,
Tina,Campos,true
Crystal,Blake,true
Beth,Morales,true
Mark,Johnson,true
Emily,Kramer,true
Scott,Jackson,true
Kayla,Stanley,
Heather,Combs,
Samantha,Watson,true
John,Taylor,true
Kristen,Waller,true
Robert,Chang,
Elizabeth,Berry,
Leslie,Estes,true
Joseph,Wilson,true
Austin,Ramirez,true
Amanda,Evans,true
Stephanie,Martinez,true
Trevor,Valenzuela,true
Jaime,Perez,true
Randy,Stone,true
Elizabeth,Delgado,true
Anthony,Scott,true
Cody,Johnson,true
Bryan,Hall,true
Sergio,Day,true
Nicole,Wiggins,
Kathleen,Turner,true
Joshua,Holland,true
Jessica,Miller,true
Alex,Moore,true
Julie,Boyd,
Tara,Barnes,true
Heather,Brown,true
Michelle,Gutierrez,
Tiffany,Brown,
Alicia,Todd,true
Annette,Morris,
Lindsey,Hines,true
Logan,Watkins,
John,Harmon,true
Alexis,Williams,true
Andrea,Oliver,true
Darrell,Smith,
Patrick,Hendrix,
Matthew,Bruce,true
Steven,Ortiz,true
Jimmy,Navarro,true
Anthony,Friedman,
Michael,Barrett,
Catherine,Taylor,
John,Ross,true
Michael,Austin,
Troy,Warren,true
Alicia,Ruiz,true
Dana,Santos,true
Christian,Porter,true
Emily,Ramos,
Lisa,Marquez,true
Sergio,Hughes,true
Angela,Fischer,
Lance,Weaver,
Dawn,Ward,true
Norman,Simpson,true
Suzanne,Haas,true
Lisa,Craig,
Joseph,Summers,true
Carl,Decker,
Sandra,Pollard,true
Cameron,Nielsen,true
Frank,Jones,
James,Jordan,true
Destiny,Rojas,
Lisa,Clark,true
Lori,Valdez,true
Danny,Lewis,true
Jennifer,Martin,
Richard,Bauer,true
Alicia,Ferrell,true
Grant,Hall,
Elizabeth,Hill,true
Jacqueline,Brown,true
Tiffany,Barron,true
Arthur,Chandler,true
Mark,Bowman,true
Shannon,Jackson,true
Kelly,Johnson,true
Brian,Contreras,
John,Dixon,true
Tamara,Wilson,
Christina,Bishop,true
Jennifer,Smith,true
Denise,Clark,true
Angela,Peterson,true
Amy,Mills,true
Stephanie,Spears,true
Alexandra,Lawrence,true
Joe,Powell,
Matthew,Diaz,true
Joshua,Sanchez,true
Joseph,Herring,true
Billy,Riley,true
Cheryl,Crosby,true
Jeanne,Brown,
Rebecca,Clarke,true
Ronald,Hudson,true
Derek,Wolf,true
Jennifer,Lee,true
Courtney,Copeland,true
Kevin,Boyd,true
Christopher,Harrell,
Terri,Schultz,
Jonathan,Brooks,true
Gregory,Yoder,
Tammy,Welch,true
Jennifer,Doyle,true
Michelle,Moore,true
Matthew,Bennett,
Valerie,Bishop,true
Olivia,Moore,true
Rachel,Lynch,
Victoria,Carroll,true
Richard,Duffy,true
Harold,Rowe,
Jasmine,Bailey,true
Victoria,Goodman,true
Christopher,Frost,
Michael,Larsen,true
Robert,Coffey,true
Carolyn,Harmon,true
Jared,Garrison,true
Susan,Burton,
Bryan,Patton,
Kyle,Burns,
Jeremy,Davis,true
Kevin,Bryant,true
James,Harrington,true
Christina,Weaver,true
Robert,Kennedy,true
Richard,Jarvis,true
Aaron,Ford,true
Donna,Franklin,true
Angela,Martinez,
Michael,Anderson,
Charles,Stevens,true
Christopher,Harrell,true
Melanie,Francis,true
Kevin,Johnson,
Annette,Johnston,true
Laura,Jones,true
Brianna,Parks,true
Mario,Henderson,true
Rachel,Garcia,
Taylor,Evans,true
Denise,Olson,true
Jenna,Odom,
Jennifer,Parker,true
Melissa,Haynes,true
Terry,Martinez,true
Daniel,Mitchell,true
Steven,Williams,
Nicholas,White,true
Robert,Le,true
William,Daniels,
Anthony,Hoffman,true
Jessica,Smith,true
Charles,Martinez,
Michael,Harrison,true
Cynthia,Oconnor,true
Wesley,Williams,true
Keith,Wheeler,
Anna,Lopez,true
Megan,Montoya,
Alice,Wallace,true
David,Barry,true
Crystal,Anderson,
Charles,Walters,true
Amy,Hall,true
Daniel,Allison,true
Monica,Rogers,true
Lisa,Brennan,true
Hector,Adams,true
Samantha,George,true
Peter,Sanders,true
Yvonne,Coleman,true
Charles,Miller,
Mathew,Harmon,
Heather,Collins,
Anne,Mccullough,
Terry,Moore,true
James,Rogers,
Stephen,Brown,true
Mark,Morales,true
Kathleen,Tran,true
Michelle,Stone,
Catherine,Scott,true
Robert,Dyer,true
Bryan,Martinez,true
Danielle,Miller,
Natalie,Gentry,true
Mark,Martinez,true
Margaret,Baird,true
Jacqueline,Conway,true
Jennifer,Miller,true
Stephanie,Salinas,true
Jesse,Duarte,
Tammy,Williams,
Jay,Lynch,
Adam,Thompson,
Chad,Clark,true
Maxwell,Cole,true
Tony,Lester,true
Bethany,Williamson,true
Javier,Moss,
Ronald,Owens,true
Jennifer,Lewis,
Jennifer,Goodwin,
Joseph,Wright,true
Erik,Delgado,true
Paul,Reid,
Thomas,Bryant,true
Marvin,Wood,true
Zachary,Gordon,true
Eric,Becker,
Jason,Greene,true
Thomas,Davis,true
Kimberly,Duncan,true
Samantha,Smith,true
Thomas,Rogers,true
Ryan,Hammond,
Jillian,Smith,true
Charles,Harris,
Jenny,Lewis,true
Heidi,Bolton,true
Ian,Park,
David,Guzman,true
Pamela,Dillon,
Kimberly,Leblanc,true
Megan,Smith,
Ronald,Costa,true
Daniel,Lewis,true
Dale,Ramirez,
Abigail,Allen,true
Kenneth,Sims,
Lisa,Mendez,
Eric,Brown,true
Kristi,Cobb,
Anne,Macdonald,
Lauren,Parker,true
Carol,Sharp,true
Christine,Miles,true
Amanda,Bowers,true
Joseph,Buck,
Sean,Conway,
Julia,Murphy,
Lynn,Anderson,true
James,Gray,true
Stephanie,Gray,true
Ronald,Baird,true
Christopher,Cochran,true
Kyle,Torres,
William,Oconnor,true
Caleb,Kelly,true
Rachael,Garcia,true
Brandon,Weber,true
Thomas,Hoover,true
Michelle,Jimenez,
Rebecca,Davis,
Miranda,Flynn,true
Jennifer,Perez,true
James,Newton,true
Peter,Hernandez,true
Nicholas,Combs,
Karen,Wilson,true
Jenna,Campbell,true
Michelle,Melendez,
Andrew,Gallagher,true
Laura,Ross,true
Teresa,Lindsey,
James,Frost,true
Robert,Jackson,
John,Norman,true
Alicia,Anderson,true
Jason,Chang,
Laura,Gray,
Wanda,Long,true
Sylvia,Koch,true
Melissa,Higgins,
Eric,Glover,
Daniel,Cisneros,true
Emily,Graham,true
Sherri,Smith,
William,Smith,true
Terri,Aguirre,
Natalie,Haney,true
Casey,Holder,
Lisa,Duran,
David,Smith,
Emily,Andrews,
Kyle,Harvey,true
Laura,Wu,
Elijah,Johnson,true
Brittany,Montgomery,true
Aaron,Mccarthy,
Sarah,Harris,true
Jacqueline,Johnston,true
Tina,Wood,true
Karen,Duncan,
Victor,Owens,true
Nathan,Warren,true
Kenneth,Brown,
Jill,Cain,
Kimberly,Koch,true
Allison,Obrien,
Robert,Martinez,true
Peter,Wilson,true
Kelsey,Wiley,true
Eric,Murray,true
John,Rogers,true
Luke,Estrada,
Robert,Clark,
Kimberly,Koch,true
Laura,Bailey,
Allison,Frye,
Krystal,Owens,true
Denise,Ferguson,true
Crystal,Alexander,true
Henry,Cummings,true
Lori,Morgan,true
Donald,Barton,true
Janet,Collins,true
Austin,Rosales,true
Kathy,White,
Kimberly,Preston,true
John,Hudson,true
Don,Ryan,
Sarah,Morgan,true
Samuel,Patel,true
Robert,Wilson,true
Megan,Aguilar,true
Jonathan,Green,
Jacob,Tate,true
Trevor,Brown,
Kristine,Barker,
Cameron,Brown,
Lauren,Taylor,
Brandon,Murphy,
Paul,Ward,true
Cynthia,Ward,true
Kristin,Lawson,true
Stephen,Roberts,true
Victor,Rivera,true
James,Castaneda,
Ryan,Olsen,true
Alejandra,Jones,
Cheyenne,Miranda,
Courtney,Maxwell,
Lindsay,Acosta,true
Michael,Middleton,
Katrina,Perry,true
Bailey,Johnson,true
Robert,Ortiz,
Glenda,Woods,
Doris,Meyer,true
Connie,Harper,true
Tyler,Parker,true
Julie,Hernandez,
Nicole,Kim,
John,Benitez,
Dustin,Thomas,true
Sheri,Carter,true
Ryan,Davis,true
Shelby,Kaufman,true
Debbie,Burns,
Kyle,Morales,
Nicole,Johnson,
Gabriel,Preston,
Casey,Johnston,
Sean,Adams,
Joel,Lee,true
Mark,Williams,true
Joseph,Bartlett,
Debra,Wilson,true
Megan,Sullivan,true
Jake,Davis,true
Timothy,Russell,true
Steven,Hodges,true
Meagan,Robinson,true
Brandon,Orozco,true
Scott,Sandoval,true
Jeremy,Hunter,true
Monica,Lloyd,true
Ryan,Scott,true
Kari,Nguyen,true
Heidi,Brown,true
Rebecca,Castillo,true
Terri,Cox,true
Timothy,Smith,true
Molly,Coleman,true
Katherine,Brown,
Kyle,Dalton,true
Haley,Oconnor,
Janet,Tate,true
Timothy,Collins,true
Michael,Marks,true
Maria,Day,
Jason,Trujillo,true
Kristin,Parker,true
Megan,Livingston,true
Joshua,Ellis,
Ann,Fuentes,
Briana,Vega,
Kathryn,Jackson,true
Mary,Galloway,true
Lorraine,Lee,
Brittany,Hill,
Laura,Benjamin,true
Jennifer,Collier,
Lisa,Ramirez,
Angel,Hill,
Connor,Rivas,
Ashley,Carter,true
William,Gay,true
Joshua,Sanchez,true
Nicole,Moon,true
Kayla,Wilson,true
Brett,Brown,true
Thomas,Williams,true
Kristin,Rosales,true
Jennifer,Cruz,true
Amanda,Chandler,
Taylor,Lopez,true
Tyler,Jones,
Derek,Walker,true
Lauren,Chase,true
Dean,Rice,true
Brenda,Boyer,true
Melissa,Jordan,true
Brianna,Valentine,true
Richard,White,
Steven,Paul,true
Jessica,Peck,true
Christopher,Hughes,
Nancy,Rodriguez,true
Stacy,Robles,true
Robert,Bray,true
Kelly,Schmitt,true
Charles,Butler,
Emily,Shaw,true
Anne,Dixon,
Joan,White,
Darren,Mcfarland,
Tammy,Lane,
Duane,Smith,
Carrie,Martinez,true
Jeffery,Hill,
Jessica,Clark,true
Linda,White,
Jake,Spencer,
Jeremy,Miller,
Alexandra,Blackwell,true
Brian,Best,true
Mary,Reynolds,true
Valerie,Armstrong,
Joseph,Gray,
Jennifer,Dominguez,true
Heather,Rodriguez,true
Curtis,Valdez,true
Joseph,Chan,
Jeffrey,Edwards,true
John,Schmidt,true
Roberto,Adams,true
Ian,Vargas,true
Breanna,Merritt,true
Sherry,Smith,true
Sara,Dominguez,true
Gabriel,Short,
Kathleen,Ali,true
Jessica,Bailey,
Patrick,Johns,true
Timothy,Massey,
Yolanda,White,
George,Long,
Danielle,Wilson,
Michele,Page,true
Benjamin,Smith,true
Michael,Farrell,
Richard,Gibson,
Stephanie,Chambers,true
Daniel,Rice,
Danielle,Stephens,true
Ashley,Chase,true
Carlos,Rangel,true
Lindsey,Castillo,true
Scott,Johnson,true
Sharon,Hicks,
Ashlee,Oconnell,true
Amy,Parker,true
John,Wright,true
Denise,Davis,true
Beth,Peck,true
Steve,Ellis,true
Stacey,Reed,true
Christine,Scott,true
Sarah,Rios,true
Crystal,Stout,true
Matthew,Lyons,true
Ann,Wolf,
Colleen,Davis,
Shannon,Miller,true
Yvonne,Kirk,
Daniel,Johnson,true
Alexander,Stewart,true
Linda,Gibson,
Brianna,Schaefer,
Gwendolyn,Lane,true
Andrew,Brewer,
Lisa,Hooper,true
Angela,Morris,true
Ashley,Montes,true
Margaret,Medina,true
Ian,Thomas,
Christopher,Smith,true
Victoria,Jones,true
Mark,Frederick,
Joshua,Atkinson,true
Russell,Coleman,
Michelle,Roberts,true
Dan,Reynolds,
Tim,Robinson,
Shawn,Sanders,true
Carol,White,true
Dawn,Clark,true
Francisco,Vasquez,true
Andre,West,
Cristian,Kelley,true
William,Brown,true
Ashley,Davidson,
Audrey,Wilson,true
Joseph,Long,true
John,Smith,true
Jeffrey,Turner,
John,Sloan,true
Linda,Evans,
Tammy,Brown,true
Jesse,Perry,true
Ricardo,Cruz,true
Mary,Stevens,
Wendy,Grimes,
Anthony,Howe,
Collin,Velazquez,true
Michael,Dudley,
Michelle,Guzman,true
Jessica,Smith,true
Kevin,Benitez,true
Amanda,Nichols,true
Michael,Hall,true
Marcus,Villarreal,true
Jessica,Fleming,true
Brenda,Long,true
Megan,Taylor,true
Keith,Avila,true
Kelly,Lopez,true
Natasha,Lee,true
Shane,Gonzales,true
Jill,Brown,true
Nicole,Jacobs,true
Tanya,Harris,true
Diane,Mcgee,true
Aaron,Salas,true
Angela,Humphrey,true
Teresa,Flynn,true
Patrick,Powell,true
David,Brock,true
James,Roach,true
Tanya,Le,true
Joshua,Martinez,true
Justin,Perez,true
Cristina,Martin,true
Steven,Campbell,true
John,Johnson,true
Jesse,Garcia,true
Kelly,Morales,true
Joseph,Nguyen,
Tabitha,Kim,true
Jonathan,Jones,
Sheri,Johnson,
Amy,Reeves,true
Allison,Guzman,true
Stephanie,Anderson,
Ronald,Hansen,true
Melissa,Riley,true
Dustin,Roy,
Madeline,Gibson,
Dawn,Mendoza,true
Blake,Davis,true
Julie,Bond,true
Joshua,Brown,true
Lori,Pacheco,true
Zachary,Young,true
Hector,Johnson,
Lindsey,Briggs,true
Sandra,Schmidt,
Jill,Garcia,true
Natasha,Sullivan,
Adam,Carter,
Rachel,Hill,true
George,Clark,true
Lindsey,Arias,
Mary,Gordon,true
Craig,Nelson,true
Jason,Jones,true
Emily,Case,true
Seth,Alvarez,true
Matthew,Hammond,true
Michelle,Davis,true
Carrie,Burnett,
Jose,Reyes,
Julia,Lucas,true
Corey,Russo,true
Thomas,Moore,true
Christine,Delacruz,true
Robert,Goodman,true
Zachary,Le,true
Michael,Carrillo,true
Rhonda,Anthony,true
Joseph,Hill,
Erin,Davis,
Lucas,Brown,true
Timothy,Manning,
James,Riley,true
Jennifer,Cook,true
Pamela,Baker,true
William,Garcia,
Donna,Lawson,true
Blake,Murphy,
Anthony,Mills,true
James,Taylor,true
Raymond,Fleming,
Scott,Rowe,true
Angela,Jones,
Lauren,Swanson,true
Martin,Kelly,true
Benjamin,Morgan,true
Cynthia,Conway,true
Eric,Phillips,true
Michael,Reynolds,true
John,Frank,true
Mark,Brennan,
Taylor,Delacruz,true
Jeremiah,Peters,true
Tony,Perry,
Daniel,Sanchez,true
Brandy,Anderson,true
Amy,Wagner,true
Nicole,Schmidt,true
Thomas,Williams,
Jose,Jacobs,true
Nathan,Gray,
Julia,Chapman,
Jonathan,Perez,
Gloria,Green,
Stephen,Greer,true
Joyce,Wells,true
Samantha,Olson,true
David,Stein,
Ryan,Marks,true
Robin,Vance,
Nichole,Delgado,
Raven,Ford,true
Kelly,Hunter,true
Andrew,Rubio,
Jessica,Hawkins,true
Judith,Cortez,true
Angela,Hunt,true
Bill,Braun,true
Denise,Harding,true
Marcus,Rodriguez,true
Sarah,Reed,true
Daniel,Grimes,true
Craig,Smith,
Alan,Thompson,
Brian,Rogers,
Jason,Hill,true
Stephanie,White,true
Natalie,Thomas,true
Kenneth,Butler,
Ariel,Morgan,
Miguel,Gutierrez,true
Samuel,Solomon,
Justin,Whitaker,true
Kelly,Munoz,
Katherine,Lawson,true
Catherine,Richards,
Kelly,Porter,true
Daniel,Perez,
Mark,Rodriguez,
Katrina,Miller,
Joseph,Riggs,
Raymond,Conner,true
Elizabeth,Young,true
Cory,Garcia,
Richard,Hall,true
Nicole,Adams,
Jennifer,Williams,
Steven,Turner,true
Janet,Meyer,
Anna,Torres,true
Lindsey,Gould,true
Jillian,White,true
Angela,Hill,
Michael,Jackson,true
Brandi,Campbell,true
Nancy,Aguilar,true
Lori,Fuller,
Gregory,Garcia,true
Ryan,Hood,true
April,Garza,
Caleb,Hayes,true
Frank,Villegas,true
John,Gutierrez,true
Corey,Wilson,true
Denise,Dominguez,true
Stacy,Curtis,true
Michael,Ramirez,
Holly,James,
Joy,Estrada,true
Kimberly,Brewer,true
Amber,Mcguire,
Cynthia,Vargas,
Daniel,Rowland,true
Christopher,Mcneil,
Ruben,Rodriguez,true
Alicia,Mccarty,true
Lisa,Johnson,
Paula,Liu,true
Timothy,Aguilar,true
Hunter,Gibson,
Heather,Baldwin,
William,Washington,true
Todd,Morris,true
Danielle,Herring,
Jennifer,Buck,
Ryan,Guzman,true
Zoe,Christian,true
Tanner,Flores,true
Lisa,Gilbert,true
Nichole,Martin,
Joseph,Owen,
Sandra,Dyer,true
Regina,Smith,true
Nicholas,Watson,true
Jonathan,Gomez,true
Amy,Smith,true
Shirley,Ruiz,true
Melissa,Wilson,
Victoria,Wood,true
Sean,Sharp,
Mandy,Richards,true
Jonathan,Cole,true
Bobby,Young,true
Julie,Short,true
Whitney,Camacho,true
Jillian,Knight,true
Shawn,Fox,
Anthony,Vang,true
Matthew,Taylor,true
Heather,Baird,true
Angela,Christensen,
Gary,Walker,true
Jeanette,Holland,true
Lisa,Hood,true
Julie,Smith,
Natasha,Griffith,true
Lee,Avila,
Ryan,Fisher,
Stephanie,Howe,true
Corey,Thompson,true
Penny,Higgins,true
Robert,Norton,
Jeffery,Hall,true
Kenneth,Kim,true
Andrew,Macias,
Nicole,Hicks,true
Megan,Sparks,true
Shane,Clark,
Keith,Hamilton,true
Danielle,Garcia,true
Lisa,Jackson,true
Jay,Johnson,true
Kelly,Boyle,true
Matthew,Parker,true
Elizabeth,Huffman,true
Jennifer,Ingram,true
Randall,Edwards,
Krystal,Green,true
Hayden,Simpson,true
Dale,Wells,true
Christina,Stone,
David,Davis,true
Cindy,Curtis,true
Danielle,Woodward,true
Jason,Griffin,true
Kathy,Reid,true
Jackson,Newman,
Wesley,Green,true
Miranda,Mata,true
Laura,Roman,true
James,Frederick,
Christopher,Lewis,
Regina,Jackson,true
Kristin,Vargas,
Andrew,Phillips,true
William,Johnson,true
Martin,Garza,
Alexander,Merritt,true
Glenn,Hernandez,true
Corey,Miller,
Mackenzie,Anderson,true
Brianna,Barnes,true
Kyle,Hunt,
Janet,Sharp,true
Austin,Alexander,true
Bethany,Roberts,true
Kelly,Sanders,true
Matthew,Jones,true
Tiffany,Sanchez,
Robert,Salas,
Cindy,Joseph,true
Joseph,Lang,
Christina,Barker,true
Donna,Juarez,true
Charles,Jackson,
Crystal,Sims,true
Mark,Larson,true
Robert,Owens,
Aaron,Juarez,
Jonathan,Chen,
Devon,James,
Michele,Koch,
Audrey,Johnson,true
Sarah,David,true
Jennifer,Whitaker,true
Scott,Mitchell,true
Natalie,Woods,true
Terry,Campbell,
William,Hall,true
Danielle,Hughes,true
Carmen,Barajas,true
Gina,Pena,true
Cynthia,Mccann,true
Deborah,Duran,true
Ashley,Grant,true
Edward,Kennedy,
Laura,Turner,true
Kathryn,Fox,true
Mason,Brown,true
Jacqueline,Lee,true
Whitney,Davis,true
Michael,Hurley,true
Carol,Brown,true
Gregory,Perez,
Angela,Johnson,true
Karen,Heath,
Michael,Daniels,true
Donald,Cooper,true
Joseph,Swanson,
Sonia,Lynch,true
Lawrence,Walsh,true
Michael,Morales,
Vernon,Hill,true
Andrew,Spencer,
Lee,Peterson,
Emily,Hall,true
Melissa,Sparks,
Julie,Hartman,true
Rebecca,Serrano,true
Anna,Moore,true
Natasha,Woods,
Samuel,Morrison,true
Heather,Wood,
Elizabeth,Barrera,true
Michael,Avila,
Justin,Lopez,true
Katherine,Hill,true
Joseph,Mathis,
Kristin,Hart,true
Travis,Brewer,true
Mary,Snyder,
Juan,Liu,
Sherry,Simpson,true
Lisa,Shaffer,true
Juan,Chapman,
Paul,York,true
Gina,Taylor,
Jacqueline,Ho,true
Nancy,Williams,
Brandon,Nixon,true
Mary,Adams,
Jonathan,Cooley,
Valerie,Acosta,true
Tyler,Rodriguez,true
Terry,Ali,
Nancy,Velasquez,true
John,Rose,true
Brian,Ramos,true
Michael,Knight,
Heather,Arroyo,true
John,Joseph,true
Lori,Larson,true
Lindsay,Lopez,true
David,Vazquez,true
Amber,Mathis,
Amy,Melendez,
Glenda,Chandler,true
Seth,Norman,true
Jessica,Knight,true
Paul,Price,
Todd,Carpenter,true
Kathryn,Greene,true
Nicholas,Meadows,true
Frank,Reid,true
Linda,Lynn,true
Michael,Johnson,true
Jessica,Chavez,
Kayla,Miller,true
Kristen,Ortiz,
Vincent,Kelley,true
Angela,Jackson,
Brenda,Patterson,
Tina,Moody,true
Terry,Greene,
Anthony,Mitchell,
Laura,Mason,true
Melissa,Burton,true
Christopher,Ramirez,true
Randy,Green,true
Michael,Ross,true
Elizabeth,Morris,true
Erica,Williams,
Grace,Phillips,true
Julie,Johnson,
Andrew,Smith,
Aaron,Anderson,true
Julian,Allen,true
John,Simpson,true
Karen,Salazar,true
Chelsea,Williams,true
Denise,Kent,true
Sherry,Hicks,
David,Sullivan,true
Tracy,Irwin,true
Lisa,Edwards,true
Christopher,Ruiz,true
Laura,Crane,true
James,Robbins,
Amy,Conway,true
Nancy,Morrison,
Robert,Hughes,true
Candice,Johnson,true
George,Moreno,true
Melissa,Mccarthy,true
Diana,Kelly,true
Jeffrey,Dennis,
Nicholas,Maldonado,true
Jared,Liu,true
Amy,White,true
Sarah,Davila,
Melanie,Brown,true
Charles,Little,
Stephanie,Nash,true
Rebecca,Archer,
Bradley,Johnson,
Karen,Oneill,
Jessica,Saunders,
Dawn,Brown,true
Paul,George,
Miranda,Garrison,true
Diane,Romero,true
Sylvia,Allen,true
Angela,Short,true
Chad,Conley,
Katie,Gilmore,true
Ryan,Hughes,true
Stephanie,Sandoval,
Christine,Moreno,true
Ana,Mayo,true
Nicholas,Mills,true
Cheryl,Vaughn,
Jennifer,Hayes,true
Maria,Brewer,
Patrick,Downs,true
Michelle,Duncan,true
Erika,Diaz,
Natalie,Scott,true
Mackenzie,Thompson,true
Kim,Hull,true
Christopher,Guerrero,
Matthew,Richard,true
Bridget,Martin,
Lawrence,Valdez,true
Thomas,Reyes,true
Anthony,Crosby,
Jennifer,Montgomery,
Tammy,York,true
Cynthia,Bailey,true
William,Frye,true
Eric,Perez,
Lindsey,Li,
Sara,Ruiz,true
Brittany,Woods,
Christopher,Hudson,true
Dana,Cline,true
John,Wright,true
Breanna,Davis,
Lauren,Mitchell,true
John,Brown,true
Peter,Tran,true
Donna,Martinez,true
Aaron,Thomas,true
Deborah,Rasmussen,true
Jennifer,Green,
Michael,Miller,
Kimberly,Francis,true
Debra,Wagner,true
Kelsey,Miller,true
Tony,Cannon,
Sheila,Brown,true
Rebekah,Sanchez,
Brandon,Woodard,
Alan,Summers,
Tonya,Cherry,true
Denise,Carpenter,
James,Kim,true
Eric,Mcclure,
Brian,Smith,true
Jeffery,Gordon,true
Kyle,Taylor,true
Thomas,Underwood,
David,Jones,
Julia,Wolfe,true
Ashley,Johnson,true
Derek,Vaughn,
Joel,Walters,
Leonard,Wheeler,true
Jason,Santos,
April,Spears,true
Gina,Butler,true
Cheryl,Alvarez,
Kyle,Lee,true
Dylan,White,
Martin,Griffin,
Clinton,Curtis,true
Justin,Lester,true
Vanessa,Montgomery,true
Melissa,Wiley,true
Jose,Bates,true
Christopher,Taylor,true
Michael,Perkins,
Lisa,Moore,true
Brianna,Haynes,true
Lisa,Harrison,
Joe,Ewing,
Maria,Miller,
Seth,Mayer,true
Erin,Sharp,true
Cindy,Beasley,
Luis,Brown,true
Cassandra,Benjamin,true
Kyle,Dickson,true
Elizabeth,Gomez,true
Tracey,Kramer,true
Julian,Newman,true
Thomas,Ferguson,
David,Swanson,true
Kathryn,Dyer,true
Shari,Barry,true
Holly,Wilson,
Lauren,Rodriguez,true
Wesley,Young,true
Ashley,Mckee,true
Johnathan,Graham,
Ashley,Davis,true
Michael,Payne,true
Alicia,Crane,
Ruben,Smith,true
Jeffrey,Rodriguez,true
Richard,Anderson,true
Diana,Clayton,
Andrea,Huynh,true
John,Hale,true
William,Dunn,
Brittany,Wade,
Sheena,Lester,true
Ann,Gibson,true
Cynthia,Quinn,true
Suzanne,Colon,
Julie,Paul,true
Patricia,Webb,true
Scott,Paul,true
Shirley,Bailey,true
Cameron,Atkinson,
Brian,Allen,
Gary,Gray,
Jacqueline,Peck,true
Brenda,Rosales,true
Jeffrey,Orr,true
Lisa,Snyder,true
Curtis,Daniels,
Jessica,Coleman,
Mason,Turner,true
Jessica,Lee,true
Mary,Morris,true
Desiree,Pham,true
Melanie,Park,true
Michelle,Harmon,true
Brandon,Coleman,true
Anthony,Fletcher,true
Martin,Allen,true
Jason,Mcdaniel,true
Travis,Wilkins,true
Ashlee,Boyd,true
Victoria,Valdez,
Patrick,Williams,true
Johnathan,Edwards,
Daniel,Chambers,
Alexandra,Austin,true
Ryan,Garcia,true
Angela,Mitchell,true
Joseph,Navarro,true
Christina,Nunez,true
Derrick,Sanchez,true
Angela,Ruiz,
Gregory,Mitchell,true
Ashley,Taylor,true
David,Weaver,true
Michael,Becker,true
Bryan,Lewis,true
James,Villegas,
Samuel,Alvarado,true
Gregory,Foster,
Jimmy,Martin,
Emily,Wilson,true
Mark,Olsen,
Madeline,Jones,
Tammy,Becker,
Christine,Ellis,
Justin,Mcdowell,true
Michael,Cook,true
Jesse,Johnson,true
Steven,Huber,true
Aimee,Brown,true
Melinda,Morris,true
Michael,Nichols,true
Amanda,Rodriguez,true
Christina,Wilson,
Karen,Hughes,true
Michael,Dorsey,true
Alyssa,Salinas,true
Donald,Mason,true
Amanda,Mclaughlin,true
Robert,Herman,true
Tina,Suarez,true
James,Myers,
Destiny,Morris,true
Dean,Sullivan,true
Joseph,Lester,true
Andrew,Serrano,
Joel,Alvarez,true
Antonio,Baker,true
Cindy,Padilla,true
Ryan,Huerta,
John,Stein,
Joshua,Macias,
Kevin,Walsh,true
Stuart,Daniels,
Nathan,White,
Matthew,Thompson,true
Kenneth,Knox,true
Steve,Mitchell,true
Craig,Hendricks,true
Katherine,Padilla,true
Ricky,Kerr,
Maria,Rodriguez,
John,Booker,true
Jeffrey,Nguyen,true
Jennifer,Jackson,
Karen,Ruiz,true
Jeffrey,Rodriguez,true
Andrew,Garrett,true
Gloria,Aguilar,true
Melissa,Allison,true
Amber,Haynes,true
William,Jones,
Steven,Morton,
Kathy,Erickson,true
Tammy,Miller,true
Steven,Hill,true
Gregory,Carr,true
Elizabeth,Vega,true
Samuel,Shields,true
Jon,Mcmillan,
Heather,Simpson,true
Ashley,Duncan,true
Matthew,Kim,true
Nicole,Anderson,true
Andrew,Conley,true
Joshua,Jones,true
Megan,Frederick,true
Shawn,Yang,
Jennifer,Cruz,true
Jerry,Lewis,true
Gerald,Hall,true
Lisa,Williams,true
Austin,Dougherty,true
Tiffany,Khan,true
Bradley,Hanson,true
Debra,Lee,
Juan,Ellison,true
Alexander,Knight,
Kristy,Johnson,
Micheal,Castro,true
Scott,Dunn,true
Tyler,Johnson,
Daniel,Alexander,true
Jennifer,Powell,true
Joseph,Cross,
Stacy,Wright,
Jennifer,Sosa,true
Joel,Myers,
Charles,Hall,
Jennifer,Ward,true
Courtney,Jones,true
Ashley,Sanders,
Monica,Thomas,true
Stacey,Johnston,
Matthew,Fisher,true
Stephen,Caldwell,
Amanda,Allen,true
Reginald,Wheeler,true
Michael,Mckee,true
Elizabeth,Richard,true
Roy,Park,true
Alexander,Hampton,true
Lisa,Smith,true
Brian,Peters,true
Brittany,King,true
James,Fuller,true
Kevin,Hernandez,true
Jason,Sanders,true
Charles,Garcia,
Laura,Martin,true
Joel,Aguilar,true
Gina,Simmons,true
William,White,true
Matthew,Odonnell,true
Sara,Barnett,true
Stephanie,Charles,true
Steven,Barrett,true
Margaret,Buckley,true
Jesus,Fisher,true
Walter,Wiggins,true
Travis,Stone,true
Jonathan,Castro,true
Richard,Carroll,
Joshua,Tapia,
Ashley,Wright,
Karen,Smith,
Kathryn,Oconnell,true
Sarah,Wagner,true
Sheryl,Baker,true
Lisa,Scott,true
Tamara,Mason,
Stephen,Perez,true
Michelle,Fletcher,
Krystal,Bell,true
Maureen,Davis,true
Ashley,Morris,
Felicia,Hammond,true
Ronald,Harper,
Carol,Murphy,true
Cody,Marquez,
Kiara,Bishop,true
Jesse,Moss,true
Maria,Mcdonald,true
John,Murphy,
Patricia,Turner,true
Reginald,Martinez,true
Stephanie,Brewer,
Kimberly,Cooper,true
Vickie,Stuart,
Louis,Williams,true
Anthony,Tapia,true
Devin,Pugh,true
Sara,Brown,true
Tanya,Gonzales,
Nicole,Thomas,
William,Ward,true
Ashley,Cooper,
Aaron,Williams,true
Michael,Russell,true
Heather,Robinson,
Rick,Fritz,
Michael,Hill,true
Ethan,Garcia,true
Hector,Yates,
Brandon,Willis,
Holly,Parker,true
Karen,Herring,true
Michael,Smith,
Shawna,Andrews,true
Ruben,Lee,
Jennifer,Taylor,
Veronica,Obrien,true
Crystal,Bryant,true
Lori,Guerrero,true
Adam,Silva,true
Jose,Mcbride,
Ernest,Simon,
Dana,Hernandez,true
Lisa,Hopkins,true
Cory,Riley,true
Danny,Davenport,true
Zachary,Day,true
Amanda,Bernard,true
Michelle,Lopez,true
Molly,Hodges,true
Tara,Dudley,true
Keith,Walsh,true
Matthew,Barrett,true
Leslie,Pierce,true
Jonathon,Marsh,true
Kristin,Dillon,true
Lauren,Harris,true
Sean,Morales,true
Stephanie,Pierce,true
Amanda,Parker,true
Patrick,Johnson,true
Jeffrey,Lowery,true
Bethany,Morales,
Andrea,Dennis,true
John,Mendoza,true
Kevin,Campos,true
Katie,Parks,true
Robert,Johnson,true
Lucas,Graham,
Evan,Anderson,true
Donna,Pineda,true
Connie,Berger,true
Todd,Jordan,true
Arthur,Hogan,true
Allison,Baxter,true
Connie,Rogers,true
Erin,Berger,
Christina,Schneider,true
Jeremy,Krueger,
Michael,Bailey,true
Nancy,Wood,
Ruben,Wise,true
Robert,Thomas,
Heidi,Elliott,true
Colleen,Barnes,true
Evan,Stephens,
Yvonne,Terrell,true
David,Cooper,true
Philip,Hudson,
Ryan,Miller,true
Sierra,Mcdaniel,
Michelle,Benson,true
Anthony,Spencer,
Brandon,Harrison,true
Kayla,Mendoza,
Wendy,Smith,
Leslie,Diaz,true
Robert,Austin,
Grant,Snyder,
Lisa,Tucker,
Joseph,Mcintyre,
Cynthia,Crawford,true
Debra,Reeves,true
Brandi,Jenkins,
Richard,Terry,
Laura,Adams,
Jeffery,Coleman,true
James,Wright,true
Michael,Baird,
Andrea,Campbell,true
Melissa,Donaldson,true
Debra,Brown,true
Jesse,Flores,
Keith,White,
Amy,Haynes,
Nicole,Watson,
Danny,Bennett,true
Isabel,Young,true
Rebecca,Guzman,true
Jason,Robinson,
Jason,Carpenter,true
Teresa,Warren,
Tammy,Berg,
John,Roberts,true
Allison,Sloan,true
Hannah,Jones,true
Gina,Perez,
Jennifer,Wilson,true
Donald,Brown,true
Brianna,Thomas,true
Jeffery,Hicks,
Kristi,Barrera,true
Ashley,Hall,
William,Ross,true
Sharon,Rogers,true
Samantha,Reyes,true
Jesse,Brown,true
Sharon,Carroll,true
Julia,Mueller,true
Amanda,Adams,
Luis,Beck,true
Gary,Ryan,true
Carrie,Nelson,
Dustin,Cohen,true
Jacob,Hood,true
John,Wright,
Andrew,Hansen,true
Tracy,Charles,true
Teresa,Kane,
Steve,Chavez,
Heather,Miller,true
Kevin,Carter,true
Alec,Davis,true
David,Mitchell,
Janet,Ramsey,true
Joe,Clark,true
Jared,Stephens,true
Ernest,Fisher,true
Heather,Anderson,
Robert,White,
Brenda,Gonzales,true
Brandon,Johnson,
Julia,Price,true
Bethany,Keller,
Andrew,Hughes,true
Kevin,Cook,true
Jessica,Lloyd,true
Tiffany,Mathews,true
Brenda,Orr,true
Raymond,Bryant,true
Cynthia,Hill,
Brenda,Martin,true
Morgan,Martin,
Kelly,Jones,true
Garrett,Cortez,
Sean,Munoz,true
Jennifer,Kennedy,
Ryan,Rogers,true
Mary,Moore,true
Kimberly,Gomez,
Gregory,Russell,true
Jenna,Conway,true
Paula,Taylor,true
Sherry,Davis,
Angela,Pope,
Alicia,Petersen,
Jerry,Castillo,
Mary,Hernandez,
Jessica,Morton,
Derrick,Lane,true
Jennifer,Daniels,
Troy,Taylor,true
Travis,Dixon,true
Ana,Garcia,true
Robin,Johns,true
Jacqueline,Campbell,true
Sonya,Oconnor,true
Timothy,Simmons,
Nicholas,Davenport,true
Ashley,Norris,true
Stephanie,Ferguson,true
Stephen,Gibson,true
Pamela,Flores,true
Alexandra,Marshall,true
Cynthia,Burns,true
Vincent,Robles,
Richard,Randall,true
Lisa,Christian,
Robert,Butler,true
Wendy,Nelson,true
Melinda,Wang,true
Jasmine,Ramsey,true
Lori,Wilson,true
Jacob,Marks,true
Michael,Smith,true
Thomas,Mata,
Laura,Ramos,
Sean,White,true
Nathaniel,Martin,
Richard,Jones,
William,Beltran,
Joshua,Beard,true
Isabel,Schmidt,true
Albert,Jefferson,
Cynthia,Cannon,true
Ryan,Miller,true
Thomas,Lyons,
Michael,Silva,true
Donna,Hill,
Marcus,Fisher,
Dale,Williams,true
Adam,Smith,
Jason,Fritz,
Ann,Williams,true
Roberta,Hebert,
Mallory,Bennett,
Jamie,Bowman,true
Robert,Rodriguez,
Brenda,Martinez,true
Jonathan,Lowery,
Joshua,Gordon,
Jessica,Ferguson,true
Christopher,Lee,
Carlos,Powell,true
Michael,White,true
Melissa,Patel,true
Ryan,Jimenez,
Jacob,Jones,true
Michele,Walters,
Lonnie,Mccarty,true
Michelle,Guerrero,
Gerald,Stuart,true
Sarah,Baker,true
Michelle,Becker,
Jonathan,Matthews,true
Jacob,Vaughan,
Tammy,Thompson,true
Jade,Anderson,
Deborah,Johnson,true
Austin,Church,true
Alyssa,Ferguson,true
Nicholas,Palmer,true
David,Anderson,true
Connie,English,
Jeffrey,Williams,true
Jonathan,Smith,
Nicole,Martinez,
Matthew,Fuentes,
Brian,Castro,true
Michael,Washington,true
Elizabeth,George,true
April,Carpenter,
Scott,Jackson,
Christopher,Johnson,true
Shelby,Robles,true
Alfred,Price,
Kathleen,Bates,true
Dawn,Lawson,true
Valerie,Calderon,true
Rachel,Garcia,
Sharon,Singleton,true
Patrick,Madden,true
Christina,Simmons,true
Sarah,Smith,
Christina,Hernandez,true
William,Scott,
Katherine,George,true
Patricia,Murray,true
Angela,Myers,true
Wayne,Baker,
Kelsey,King,true
Joseph,Singleton,true
Haley,Cox,true
Amy,Reed,
Kelly,Johnson,true
Luke,Lyons,
Randy,Johns,true
Joshua,Hogan,true
Ricardo,Leon,
Wendy,Perry,true
Amy,Decker,true
Karen,Crane,true
Dan,Sanders,
George,Garcia,true
Sherry,Flores,true
Timothy,Boyle,true
Julia,Patrick,true
Joshua,Clark,true
Melissa,Jackson,
Elizabeth,Estes,
Erin,Clark,true
Cynthia,Smith,true
Stacy,Anderson,true
Elizabeth,Brown,
Christine,Murray,true
James,Golden,
Jeremy,Butler,
Matthew,Andersen,true
Jonathan,Parker,true
Richard,Warren,true
Sandra,Vargas,
Kendra,Martinez,true
Adam,Foster,true
Thomas,Fisher,true
Shelly,Fritz,true
Maria,Blanchard,
Mandy,Greer,true
Martin,Jones,true
Robert,Morris,true
Taylor,Lopez,true
Nicole,Lewis,
Christine,Wright,true
David,Robinson,true
Christopher,Case,
Mark,Ward,true
Dana,Phillips,true
John,Jensen,true
Michelle,Robinson,true
Michael,Simmons,
Cynthia,Ortiz,true
Luis,Woods,true
Mitchell,Glover,true
Sarah,Thompson,true
Jeffrey,Macias,true
Brian,Drake,true
Julie,Brown,
Gregory,Hayes,
James,Rice,true
Gabriel,Jackson,true
Melissa,Valdez,true
Thomas,Mullen,true
Dawn,Smith,
Lisa,Glover,true
Anna,Austin,
Katherine,Pierce,true
Wayne,Keller,true
Steven,Morgan,
Zachary,Thompson,true
Joel,Clark,true
Matthew,Gutierrez,
Stephanie,Mcdonald,
Robert,Heath,true
Lindsey,Gonzalez,
Deborah,Olson,true
Claire,Reeves,true
Brandy,Watson,true
Jason,Wilson,true
Heather,Garcia,
Kathleen,Chavez,true
Samantha,Shepard,true
Shaun,Dougherty,true
Amber,Young,true
Jonathan,Wilkerson,true
Robert,Rivas,true
Anthony,Moore,true
Jeffrey,Hill,true
Michael,Love,true
Amber,Stone,true
Crystal,Fletcher,true
Amy,Roach,true
Christy,Gilbert,
Caroline,Grimes,true
David,Oconnell,
Kayla,Porter,true
Phillip,Stewart,
David,Schneider,true
Michael,Porter,true
Timothy,Jordan,true
Melissa,Freeman,
Erica,Richardson,true
Jeanette,Hood,
Douglas,Thompson,true
Jerry,Torres,true
Jason,Harmon,true
Donna,Dixon,true
Anthony,Brady,
Samantha,Mendoza,true
Stephanie,King,true
Sara,Carter,true
Alex,Clay,true
Ryan,Harrell,true
David,Garcia,true
Michael,Nguyen,true
Kathy,Leblanc,true
Austin,Andrade,true
William,Floyd,true
Angela,Hayden,true
Renee,Hodges,true
Andrea,Ray,true
Samantha,Miller,true
Adrienne,Tucker,true
Johnny,Lee,true
Jeffrey,Walter,true
Anthony,Rivera,true
Mary,Whitehead,
Robert,Williams,
Judy,Johnson,
Janet,Kelly,true
Angie,Meyers,
Sandra,Lewis,true
Kim,Brady,true
Sandra,Houston,
Kimberly,Fox,true
James,Daniel,true
Sandra,Ortiz,
Jason,Perez,true
Nicole,Perry,true
Jonathan,Barnes,true
Laura,Sanford,
Joseph,Bryant,
Stephanie,Thompson,
Angela,Smith,true
Brenda,Cummings,true
Daniel,Arnold,
Kristin,Novak,true
Thomas,Williams,
Robert,Briggs,true
Keith,Craig,
Leslie,Lambert,
Sergio,Zuniga,
Joy,Aguilar,
Gerald,White,
Robert,Velasquez,true
Nicole,Knight,true
Michael,Garcia,
Tyler,Aguilar,true
Jennifer,Cox,true
Patrick,Craig,true
William,Davis,true
Jessica,Silva,
Lauren,Orozco,true
Destiny,Johns,
Kimberly,Davis,true
Andrea,Collins,true
James,Tate,true
Kimberly,Schneider,true
Jennifer,Smith,true
Jonathan,Davis,
Michelle,Ortega,
Stacey,Walker,true
Robert,Thomas,true
Adrian,Cochran,true
Christian,Mcintosh,true
Deanna,Torres,true
Lisa,Lucero,true
Nicole,Francis,
Deborah,Miller,
Karen,Boyd,true
Danielle,Johnson,true
James,Hawkins,true
Sarah,Chapman,true
Suzanne,Medina,
Jennifer,Glass,
Stacy,Willis,true
Anna,Mendoza,true
Danielle,Cain,
Carla,Jones,
Jennifer,Davis,
Matthew,Diaz,
Julie,Leon,true
Evan,Page,true
Matthew,Valdez,true
Jared,Myers,true
Jason,Davis,true
William,Valdez,
April,Owen,
Mark,Bridges,true
Andrew,Rivera,true
Scott,Martinez,true
Christopher,Lloyd,
Denise,York,true
Susan,Hartman,true
Tonya,Reed,true
Michael,Wilkinson,true
Richard,Reyes,true
Evan,Russell,true
Evan,Smith,
Victoria,Jones,
Cheryl,Moore,true
Joshua,Pittman,true
Mary,Cooper,true
Jessica,Delgado,true
Brian,Pearson,true
Kathryn,Lamb,true
Jordan,Cruz,true
Edward,Brooks,
Brent,Castaneda,
Brenda,Wright,true
Samuel,Dyer,
Brian,Bryant,
Kimberly,Wood,true
Brittany,Garcia,
Trevor,Byrd,true
Larry,Herrera,true
Joseph,Owens,true
Gregory,Peters,true
Amber,Burnett,true
Jason,Malone,
Jordan,Pugh,true
Daniel,Welch,true
Tiffany,Marquez,true
Christopher,Smith,true
Johnathan,Weeks,true
Jeffrey,Thompson,true
William,Ward,true
Kristin,Bauer,true
Maria,Johnson,true
Carlos,Adams,
Matthew,Salazar,true
Colleen,Garner,true
Nicole,Miller,true
Nancy,Frazier,
Martin,Morris,true
Robin,Jones,
Natasha,Martinez,
Jonathan,Terrell,true
Jeffrey,Marshall,true
Kelly,Smith,true
Heidi,Vazquez,true
Charles,Powell,true
Sarah,George,
Erik,Reynolds,
Jamie,Barker,true
Samantha,Jimenez,
Lisa,Crawford,true
Andrew,Carter,true
Suzanne,Goodwin,
Amanda,Navarro,true
Michelle,Jones,
Leah,Perez,true
Brian,Powell,true
Jeffrey,Santos,true
Michael,Holland,
Elizabeth,Cardenas,true
Theodore,Roberts,true
Katrina,Zamora,true
Elizabeth,Garcia,
Julie,Johnson,true
Shelby,Jackson,true
Krystal,Boyle,true
Laura,Sandoval,true
Garrett,Clark,true
Jeremy,Anderson,true
Charles,Gonzalez,true
Christina,Brown,
Madison,Dunn,
George,Barry,true
Nicholas,Caldwell,true
Michael,Green,true
Brian,Wyatt,
Jason,Medina,true
Ashley,Solis,
Sarah,French,
Stephanie,White,
Ryan,Garcia,true
Joseph,Bartlett,true
Joshua,Miller,true
Cory,Cummings,true
Megan,Anderson,true
Jennifer,Nguyen,
Pamela,Hughes,true
Tiffany,Scott,true
Eric,Williams,true
Maurice,Stewart,true
Michael,Kelly,true
Bruce,Smith,true
Elizabeth,Conner,true
John,Drake,
Bethany,Acosta,
Stanley,Conway,true
Christine,Campbell,true
Carolyn,Estrada,true
Michael,Wilson,
Elizabeth,Cooper,true
Tonya,Moore,true
Alexandra,Woods,true
Heather,Bonilla,
Yolanda,Petty,true
Matthew,Wilson,true
Justin,Hamilton,true
Jordan,Brown,true
Sharon,Hill,
Michael,Anderson,true
David,Roberson,
Jacob,Burns,
Lauren,Guzman,true
Joseph,Davis,true
Kevin,Pope,
William,Vargas,
Daniel,Garcia,true
Timothy,Evans,
Brian,Vega,true
Jacob,Mcdonald,true
Kathleen,Harris,true
Robert,Mcconnell,true
Julie,Hall,true
James,Lopez,true
Tracy,Williams,
Gina,Zimmerman,true
Emily,Oneal,
Sarah,Hernandez,true
David,Jones,true
Paula,Hill,
David,Morrow,true
Lisa,White,true
James,Patrick,true
Kirk,Donaldson,true
Joshua,Farrell,true
Kathryn,Parker,true
Tracy,Elliott,true
Joshua,Green,true
Tara,Jones,true
Sean,Sullivan,
Jessica,Castillo,true
Evan,Pruitt,
Thomas,Garza,
Michael,Harvey,true
Edward,Ramos,
Karen,Shaw,true
Joanne,Foster,true
Andrew,Fisher,true
John,Gonzales,
Christine,Cohen,
Grace,Olson,true
Daniel,Gutierrez,true
Sarah,Joseph,true
Jennifer,Scott,true
Stephen,Little,true
Matthew,Garcia,true
Abigail,Fritz,
John,Todd,true
Martha,Williams,
Kimberly,Peters,true
Robert,Donaldson,true
Matthew,Smith,true
Leslie,Taylor,true
Antonio,Hancock,
Eric,Williams,true
Patricia,Hall,true
Christian,Lopez,true
Timothy,Scott,true
Jessica,James,true
Stephanie,Sandoval,
George,Williams,true
Jessica,Larsen,true
Francisco,Holland,true
Donna,Morrow,
Ashley,Browning,true
Beth,Rivera,true
Catherine,Morris,true
Amy,Smith,
Jennifer,Jenkins,true
William,Serrano,
Matthew,Deleon,true
Rhonda,Marshall,
Alexa,Bond,true
Sarah,Soto,true
Sean,Harris,
Edward,Smith,true
Lori,Allen,true
Charles,Kelly,true
Jerry,Bennett,
Justin,Beck,true
Jonathan,Villa,true
Alexander,Castro,true
Andrea,Russell,
Cindy,Jackson,true
Kristina,Hogan,
Kimberly,Harris,true
Melissa,Le,true
Scott,Williams,true
Thomas,Thomas,true
Dylan,Hernandez,true
Wendy,Giles,true
John,Vazquez,
Jessica,Wilson,true
Daniel,Le,true
John,Torres,
James,Hall,true
Michele,Jones,true
Melissa,Perez,
Rachel,Goodwin,true
Kimberly,Owens,true
Omar,Wilcox,
Tiffany,Cannon,
Matthew,Snyder,true
Morgan,Malone,
Ronald,Mendez,true
Brian,Butler,true
Rachel,Rogers,
Kyle,Murphy,true
John,Adams,
Charles,Walter,true
Jessica,Reid,true
Michelle,Garcia,true
Todd,Brady,true
Carolyn,Gomez,true
Matthew,Bailey,
Matthew,Davis,true
Tamara,Smith,true
Jessica,Whitaker,true
Lynn,Kaufman,true
Kristin,Edwards,true
Eduardo,Patrick,true
Matthew,Duncan,true
Marcia,Ramos,true
Jesse,Chambers,true
Paul,Hill,true
Kristen,Kirk,true
Gina,Henderson,true
Jesse,Wright,true
Christina,Gibbs,true
Jacqueline,Miller,true
Tracy,Lopez,true
Victoria,Jones,
Gabriel,Rose,true
Melanie,Perry,
Alison,Valdez,true
Benjamin,Coleman,true
Alex,Baker,true
Peter,Alexander,true
Katie,Chang,
Victoria,Stafford,
Tyler,Lopez,
Heather,Downs,true
Ruth,Carrillo,true
Ronald,Shaffer,true
Jacob,Stephenson,
Samantha,Johnson,true
Carlos,Washington,
Stephanie,Burnett,true
Curtis,Flynn,
Donna,Hancock,true
Thomas,Perez,true
Courtney,Hudson,
Sheri,Kline,true
Jeff,Baker,true
Sylvia,Sexton,
David,Jordan,true
Todd,Ward,
William,Powell,
Kenneth,Martin,
Andrew,Cox,
Louis,Blanchard,true
Victoria,Higgins,true
Kaylee,Berry,true
Elizabeth,Duncan,true
Bryan,Price,
Robert,Johnson,
Stephanie,Molina,true
Justin,Griffin,true
Jennifer,Novak,true
James,Smith,true
Lisa,Meyers,
Gary,Thompson,true
Rachel,Maxwell,
Michael,Warren,true
Amanda,Alexander,true
Thomas,Brown,
Melissa,Perez,
Amy,Johnson,true
Devin,Lewis,true
Jacob,Hogan,true
Zachary,Russo,
Shannon,Thomas,
Joshua,Perez,true
Joshua,Jimenez,true
Teresa,Harris,true
Courtney,Morse,true
Jeffrey,Murray,true
Kayla,Mcintyre,
Marvin,Williams,true
Robert,Chang,true
Briana,Johnson,true
Joe,Bishop,true
Terri,Herring,
Jean,Young,
Carla,Jackson,true
Tara,Chavez,true
Jeffrey,Ware,true
Barry,Randolph,true
Eric,Hoffman,
Jacqueline,Walters,
William,Miller,true
Daniel,Perez,true
Kimberly,Larson,true
Brian,Finley,true
Kristin,Wagner,true
Kelly,Hayden,
Jessica,Dixon,true
Kathleen,Rodriguez,true
Tyler,Johnson,true
Nicholas,Joseph,
Wendy,Grant,true
David,Burton,
Luke,Carpenter,true
Jesse,Johnson,true
Marcus,Sims,
Katherine,Daniels,true
Cynthia,Smith,true
Angela,Nichols,true
Mallory,Jenkins,true
Nicole,Shea,true
James,Clark,
Brandon,Valdez,true
Anthony,Mitchell,true
Stephanie,Gutierrez,true
Charles,Clarke,
Alexander,Hamilton,true
Jerry,Daniels,true
Casey,Baker,true
Shirley,Nguyen,
Jesse,Brown,true
Valerie,Owens,true
Alicia,Sharp,true
Sherry,Jensen,
